school,homework,iq,parent_ed,study_time,u0,e_normal,e_het,e_skew,score_ideal,score_het,score_skew,score_outlier
1,9.148060434963554,96.27275600215101,9.557333259142148,8.87379576916482,-4.279016454315011,7.062855784937368,24.241842488170654,10.04833770077949,68.38878745279372,75.9404985558119,61.746993768420744,218.38878745279374
1,9.370754132978618,106.33480578748589,11.094028012768986,9.053668345545454,-4.279016454315011,6.409850632138943,5.33320670168851,-1.0081537357488357,69.00921971614686,57.29909520694784,50.957734769510495,219.00921971614684
1,2.8613953478634357,114.8147994045951,10.595360137437744,2.6985936869586866,-4.279016454315011,-2.2577213750273266,-0.36210764723775524,-1.3384338110393963,53.37841652855329,43.792550315883354,42.816224152081716,203.3784165285533
1,8.304476260673255,112.53352258052534,10.651239229029748,7.845008016089663,-4.279016454315011,-3.7588071877495377,1.1654239178045929,-0.8878903100374613,58.180900128795884,51.85177897629749,49.79846474845543,58.180900128795884
1,6.417455188930035,90.09217211431442,7.393953619028186,6.863759375148723,-4.279016454315011,-1.874484254453503,4.475527397500892,5.951635698800181,55.556662729378964,52.89745716990192,54.37356547120121,55.556662729378964
1,5.190959491301328,123.46104239937753,11.701334190434254,4.839176780033327,-4.279016454315011,3.8161934073258568,1.2704247890783402,-1.6005051356172957,63.11243258251019,48.22055972432492,45.349629799629284,63.11243258251019
1,7.365883146412671,75.65536097062679,13.897379179940257,7.877612321425317,-4.279016454315011,-2.9814491293186287,45.10092016409665,0.8113706679927828,54.14413028912424,94.66096348547684,50.371413989372975,54.14413028912424
1,1.346665972378105,112.95844560218481,14.312724921047135,0.7649550704392408,-4.279016454315011,-2.125315465521358,-1.5821006289306043,-1.8128602191978889,51.507511807235836,40.75488208360811,40.524122493340826,51.507511807235836
1,6.569922904018313,92.325958398457,16.148704971795233,6.906814411695721,-4.279016454315011,-2.2403412987033584,-7.102027877099069,-1.6021201548787178,55.59714557164931,41.502863153407894,47.002770875628244,55.59714557164931
1,7.050647840369493,71.23952461831898,12.530579940642918,6.8093618372444,-4.279016454315011,-0.8319306301257563,8.312103886372524,-1.8077338039517332,55.47378278583452,57.493864840500905,47.374027150176644,55.47378278583452
1,4.5774177624844015,72.01279227070077,9.895992341719069,4.630039773421417,-4.279016454315011,1.979690102871578,6.101683093446702,-0.6260551555536555,55.39485419060792,52.31556795411297,45.58782970511261,55.39485419060792
1,7.191122516524047,103.67768595159534,13.004684472437258,7.496900339195881,-4.279016454315011,-4.536416641124099,1.3070769618059501,-1.6149059076600838,55.18168251954928,50.65740752731979,47.73542465785376,55.18168251954928
1,9.346722471527755,133.353014528621,14.199690046243735,8.979868404890986,-4.279016454315011,-0.06483506867369788,1.9198661389009675,-1.6451720955533216,65.20751689570669,53.85691665041926,50.29187841596497,65.20751689570669
1,2.554288243409246,104.10064096216698,15.773009660828347,2.6492460494664343,-4.279016454315011,-5.263710132024173,-0.4097901683844375,-1.589268671557997,48.93248340196861,43.37633926939164,42.19686076621809,48.93248340196861
1,4.622928225435317,116.96177191792424,13.622507001378791,4.6050525987904924,-4.279016454315011,3.106398753187638,6.896958990919989,-1.4075176304349046,61.07107336118743,53.16545640712736,44.860979785772464,61.07107336118743
1,9.400145227555186,112.58004061090149,14.83648761758792,8.952725106130192,-4.279016454315011,2.587192825964263,-10.735311091119078,-1.1176295160055516,65.84635470580562,41.26584672763213,50.88352830274566,65.84635470580562
1,9.78226428385824,90.18077083182692,12.878339803405908,10.012946292987841,-4.279016454315011,0.7966343010551451,-9.55918470610638,5.339109125097316,62.27441207055271,42.900515980208496,57.79880981141219,62.27441207055271
1,1.1748736165463924,114.30941467719093,9.444996782797801,0.2541767325288544,-4.279016454315011,-0.6939809317914538,2.336640526913299,2.609025832739615,52.8677924214683,44.46747241245396,44.73985771828028,52.8677924214683
1,4.749970815610141,105.29427198233984,10.277253589577114,5.367575369285935,-4.279016454315011,3.0730733043756127,6.858758053478571,-1.2987425633493004,60.02344902702675,53.27970657789572,45.122205961067856,60.02344902702675
1,5.60332746244967,103.0989893897442,15.773971749942177,6.081855958037453,-4.279016454315011,1.8521101277217757,-2.4242384657139264,0.43646057225770263,59.606985567320784,45.020738034910664,47.88143707288229,59.606985567320784
2,9.040313872974366,115.01669851465373,13.408174626365808,8.959643121028531,-0.06361546004095117,-3.513092450249961,-8.629837061281043,-0.7866205532261576,63.773338588743705,47.154924126247245,54.99814063430213,63.773338588743705
2,1.3871016772463918,111.21177987460415,10.664558949335941,1.2141930453053393,-0.06361546004095117,7.557568701624934,3.2480549520617017,-1.324607684725508,65.27965324174006,49.84896150471642,45.276298867929214,65.27965324174006
2,9.88891728920862,90.60137744915292,10.588571315885694,10.027696746764741,-0.06361546004095117,-1.8992694362933809,43.25166916932756,-0.1966252388377514,63.96395359563131,100.05475445633695,56.60646004817164,63.96395359563131
2,9.466682325582951,105.92835528905071,10.158562840171248,9.27253115207125,-0.06361546004095117,-3.070590561474633,32.59261336832483,-0.7705531537611725,63.81864829808903,88.88901669898343,55.52585017689742,63.81864829808903
2,0.824375580996275,86.61748068931634,12.296946583992057,0.7462531489023725,-0.06361546004095117,1.3070818221206215,-1.3058209232999973,0.3828560966600463,55.89446512820684,44.61981431385458,46.30849133381463,55.89446512820684
2,5.1421178434975445,109.4622761513766,11.499965277734454,5.2340368081838795,-0.06361546004095117,0.8018896275798941,-8.925842456471067,-1.2501555866624947,62.85504319487366,42.18108349568504,49.85677036549361,62.85504319487366
2,3.90203467104584,93.50942225073149,10.116462091777402,3.8641731678311,-0.06361546004095117,0.4546043327802306,4.218538636753169,-1.3273054417758923,59.424372703067434,53.837364781967224,48.29152070343817,59.424372703067434
2,9.05738130910322,106.78207966327776,14.428398037277848,9.741461125297286,-0.06361546004095117,-4.287324298328498,3.3117358922810873,-1.372005854613017,62.19612577888219,59.116978003164,54.4332362562699,62.19612577888219
2,4.469696281012148,105.51998567794519,12.037132866000452,4.335396680643676,-0.06361546004095117,0.27673211421479715,6.694104069380999,0.27222029392512526,61.12875075918294,56.994124146554626,50.57224037109875,61.12875075918294
2,8.360042599961162,95.94418765507136,13.515663398915095,8.009912670227024,-0.06361546004095117,1.1620495582412118,-24.776307371230345,-0.24102459917023955,65.72490398366078,30.1921282886821,54.727411060742206,65.72490398366078
2,7.375956177711487,106.98268926569467,11.239874600007987,6.922934381026095,-0.06361546004095117,6.731207768982779,25.38949402500576,0.6462425884208651,71.21700864876509,79.1770259782186,54.4337745416337,71.21700864876509
2,8.11055141268298,108.61534338440454,12.349897426694438,7.884143159590304,-0.06361546004095117,-2.344398628527852,-5.7450849901543855,-1.4497503701904246,63.18618194509122,48.923961245024245,53.219295864988204,63.18618194509122
2,3.88108282815665,96.53950014763883,14.06704661804952,3.491329066905161,-0.06361546004095117,2.2199030114488627,-0.6381366186337122,-1.3494902468330559,61.46753695995978,48.95554731511332,48.244193686913974,61.46753695995978
2,6.851697294041514,117.58363762453676,13.35144799086494,7.22973023038002,-0.06361546004095117,-2.575265405579433,2.994945570806288,-1.6987377656627238,62.34151964968312,56.153366863615155,51.45968352714614,62.34151964968312
2,0.0394833879545331,120.89054060099681,13.88256248582514,0.1385798300745416,-0.06361546004095117,0.9060557890951466,-0.9902148848844705,-1.7586175469248604,57.97887445469932,43.99354972062002,43.22514705857963,57.97887445469932
2,8.329160802531987,90.07013116435623,8.346739854972103,8.287290954359005,-0.06361546004095117,-2.883285665468225,3.610145296643271,0.14804089831387146,61.05510495396483,58.5415227996407,55.07941840131131,61.05510495396483
2,0.07334146881476045,88.33946189912479,12.354408762593126,0.0844461407762457,-0.06361546004095117,-5.992827108121605,-0.9789328026297338,-1.7514734871462658,47.86551338432764,44.04546149990703,43.2729208153905,47.86551338432764
2,2.0765897282399237,107.7030786836317,11.616384276105462,1.713679135303706,-0.06361546004095117,-6.920705602123423,0.5716901346528195,-1.3169174821511338,51.2778944800867,47.99998234849978,46.111374731695825,51.2778944800867
2,9.066014077980071,86.30031642938091,10.699602579980342,10.00638757879039,-0.06361546004095117,2.6016946767426585,-21.553283265502643,-0.8883656292561664,67.04732775321588,34.26231816803249,54.92723580427897,67.04732775321588
2,6.117786434479058,93.2586429212455,10.878607317479998,6.4412943242714755,-0.06361546004095117,0.22833980972070306,-7.1542278745253425,-1.6722112844524157,61.83193236317917,45.12350038680858,50.6055169768815,61.83193236317917
3,3.7955924053676426,112.04399048655428,15.351531586599886,4.109248572906323,2.1557228695932094,1.1556744016520306,3.441338377238912,9.082656721654583,64.07050720634184,55.1517721332733,60.79309047768896,64.07050720634184
3,4.357715849764645,91.39784723528345,12.86106920087848,4.425810446082778,2.1557228695932094,-6.180695374557551,11.197078310132408,-0.7246237667289901,55.34407123828158,63.58206019944319,51.6603581225818,55.34407123828158
3,0.3743103286251426,71.0781224822751,11.710786759285508,0.43798938923744984,2.1557228695932094,-0.43606323614715714,-0.4620232296580025,-0.648297586575115,54.27664427602374,47.14287203428538,46.956597677368265,54.27664427602374
3,9.73539913771674,109.96586250733223,13.878051424288202,10.006606377882088,2.1557228695932094,0.29393825125258394,-21.437708533381436,-0.341992587950138,70.12872633683911,37.40049330147187,58.49620924690316,70.12872633683911
3,4.317512488923967,75.9618966430862,10.909006500953417,4.491261288757827,2.1557228695932094,4.9535186053116576,4.808480343245915,-1.1361707389856148,64.88644612592225,57.145218199547884,51.20056711731636,64.88644612592225
3,9.575765966437757,79.68099613819226,12.277700726431291,9.887987738530063,2.1557228695932094,-2.0925947573868338,-7.759787989316552,-1.7791141613216974,64.5221468857509,50.88685404000197,56.86752786799682,64.5221468857509
3,8.877549055032432,54.73100980873154,14.893724626705104,8.699721951650693,2.1557228695932094,2.4010596699989923,15.666535206784381,-0.6562218859543052,65.68294238650428,73.47531694241651,57.15255984967783,65.68294238650428
3,6.399787694681436,112.46856733345093,11.334743827698928,6.908394259419637,2.1557228695932094,-0.08587811563291824,-16.109935233737758,-1.7544166932158172,65.9964467209231,38.72553286947318,53.08105140999512,65.9964467209231
3,9.70966610359028,103.76645633271016,10.401687455473573,9.120309212590772,2.1557228695932094,2.789808331473279,15.570042752196231,-0.07501022246628053,71.97377615864583,74.37736494609779,58.732311971435266,71.97377615864583
3,6.188382073305547,106.93440198911995,10.903414509735185,6.918786262562943,2.1557228695932094,0.496498820126827,19.52467575012524,-1.0502469245267188,65.7717203765987,74.10645710768512,53.53153443303315,65.7717203765987
3,3.334272112697363,112.67188334834854,9.898407590961163,3.3014078950100756,2.1557228695932094,0.46765248977114726,0.8738514396122676,-0.4450469936262935,62.89169022943605,52.030700844442315,50.711802411203756,62.89169022943605
3,3.467482482083142,99.37042713517657,12.505324982066657,3.5503089449514316,2.1557228695932094,-0.4952586630439254,4.8902506239819905,-1.5964166206367032,60.75848589856671,56.206952472074974,49.72028522745628,60.75848589856671
3,3.984854114241898,83.41636141449959,12.655723707990596,3.961590515944872,2.1557228695932094,0.26392541577855844,0.4696626673921741,-0.8304204611350605,60.54310936391201,52.40721047407566,51.10712734554843,60.54310936391201
3,7.846927756909281,108.45663478496311,13.711344800981006,7.5097069531275995,2.1557228695932094,0.25755660073653436,15.756970026618129,-1.3164159691507316,67.67525625711718,72.32900620450248,55.25562020873362,67.67525625711718
3,0.3893649112433195,119.55047133729505,15.603524543254984,0.20276999942771262,2.1557228695932094,-0.5146925011508486,-0.6165242649889995,-0.18605533207410807,59.06331539566386,47.0064364980962,47.43690543101109,59.06331539566386
3,7.487953861709684,77.49668593308014,14.810481623497468,8.094533473347681,2.1557228695932094,-0.4412286390388638,-5.949559939294298,-1.1700366027351885,63.44970745791399,50.19170756435054,54.971230900909646,63.44970745791399
3,6.7727683018893,90.89516147321446,9.498416411728666,7.602352859741123,2.1557228695932094,2.550234834680701,4.7152473770615355,-0.9280631193114113,66.9227958138625,59.99829220892191,54.35498171254896,66.9227958138625
3,1.7126433039084077,95.61632401515133,15.998217708945507,1.2899445979375512,2.1557228695932094,-0.558058688352318,1.1336675690262716,-1.3655096431303448,58.21446854744612,50.344562403309574,47.84538519115296,58.21446854744612
3,2.6108796382322907,80.65474985014595,12.278556975184294,2.752979156189632,2.1557228695932094,-2.506324602880418,3.760589418340388,-1.7208645196650154,55.84792881760614,54.04936785381235,48.56791391580695,55.84792881760614
3,5.144129346590489,110.41158773162049,11.226661793120552,4.929078676064388,2.1557228695932094,-0.2835742965419975,6.209921166268648,-0.9375094183563707,64.08626256212185,59.53859925177045,52.39116866714543,64.08626256212185
4,6.756072745192796,91.01227145654322,15.71127138088695,6.79219929153614,-7.138866505470817,-3.8044147179613557,-8.233733746936958,-0.9414788206211189,51.2652332164535,37.734687041823584,45.02694196813942,51.2652332164535
4,9.828171979170293,118.85359965957456,12.85771076895256,9.967587293011327,-7.138866505470817,5.156169724371551,-9.4653157304341,-0.9202846413173986,66.69646955986255,40.189624139099436,48.734655228216134,66.69646955986255
4,7.595442675519735,100.80262020441045,15.46158027917954,7.388435077479796,-7.138866505470817,7.4905208256201075,-2.983429646209596,-1.6768002988312931,64.54644755121402,43.99223505894327,45.29886440632157,64.54644755121402
4,5.66488424083218,110.92138776507778,11.91295265172136,5.779804761798287,-7.138866505470817,-0.07561890331283538,5.027523149573978,1.3080964983643362,55.675514456722745,49.68651773310178,45.967091081892136,55.675514456722745
4,8.496897185686976,123.4164710231591,10.53782838372498,9.16412718442531,-7.138866505470817,0.0210977400100986,-28.441803322714,0.16399717862851015,60.42015495967956,19.615606794639554,48.22140729598207,60.42015495967956
4,1.8947393540292978,103.98437130395784,8.068071847558741,1.4623646641947097,-7.138866505470817,-2.9451453002172716,2.422689856472247,-1.18009994248514,47.588112549542856,42.55751057583659,38.9547207768792,47.588112549542856
4,2.7128661470487714,116.15089388810901,14.253730630377042,2.553725705199822,-7.138866505470817,0.9217034811870367,0.11897579213199544,0.14974754409894797,53.65336574098565,41.23554866311971,41.26632041508666,53.65336574098565
4,8.28158485237509,103.16046897518868,10.223831223131771,8.400468378952452,-7.138866505470817,2.9387723242427803,2.374832657502162,-1.7523520176122291,61.05385453914094,50.17386797488145,46.04668329976706,61.05385453914094
4,6.932048203889281,77.32489711266447,13.742718520783985,7.081419827595856,-7.138866505470817,2.342133100616012,8.880144405694775,-1.8656270872650553,56.25421415107878,55.0597357448911,44.31396425193127,56.25421415107878
4,2.4054473964497447,100.33603389870437,12.239787133232682,2.432481189066952,-7.138866505470817,-0.02296940191754044,-0.17717967890154554,-0.48643734070478817,50.75830435822177,40.57049069136733,40.26123302956409,50.75830435822177
4,0.42988796019926667,110.77204309063154,12.944869889606808,0.5685415723971449,-7.138866505470817,3.7757024889954303,-1.1680327580751875,4.78526331117461,53.22990584482689,37.20896628869312,43.162262357942915,53.22990584482689
4,1.4047909411601722,107.34185526763405,14.533279819640118,1.3389623920399376,-7.138866505470817,5.3005041348849655,-1.5363029208711214,-1.4375694828193684,55.58157228556976,38.01057970305027,38.10931314110202,55.58157228556976
4,2.1638541505672038,97.39167481182595,11.029367242106197,2.2398472732015122,-7.138866505470817,-0.9346413790029994,-1.455276903772875,-0.8159578055890746,49.26228457738943,39.00248157143695,39.64180066962076,49.26228457738943
4,4.79398564202711,81.734507669974,11.076932827631314,4.766506187971537,-7.138866505470817,1.2809217001672069,1.6545433073374698,0.26323714315534574,53.06828873212632,45.268459572299186,43.87715340811706,53.06828873212632
4,1.9741034228354692,109.69597553064193,11.53648332544247,2.3406835059131756,-7.138866505470817,3.463725684025861,-3.5505330402072945,1.2433304584530853,54.6633808390218,36.679524561724456,41.473388060384835,54.6633808390218
4,7.193558376748115,86.25315957478166,14.120707544876375,7.477778222652963,-7.138866505470817,-0.8614863443751798,-16.297960716470598,-1.7559073937652812,54.25723315972991,30.195442830156324,44.73749615286164,54.25723315972991
4,0.0788473873399198,81.22264836361651,11.050428590997456,0.0712115128895981,-7.138866505470817,0.39830646637965333,1.341391513761744,-0.9267909595373223,46.47632166207839,39.29714187309883,37.02895939979977,46.47632166207839
4,3.754899646155536,108.92391577608251,11.64897943808457,4.280150395386778,-7.138866505470817,-3.318704999598504,-3.1992889998769254,-1.6375477472411029,49.94069964792558,39.1677240700389,40.72946532267473,49.94069964792558
4,5.144077083095908,81.5078400221526,13.59264899817829,5.212231545417711,-7.138866505470817,-2.640740579483629,-2.8175750853610864,-1.1864525343959913,49.54406941697591,41.21645090888319,42.847573459848284,49.54406941697591
4,0.01570554217323661,103.66546622359206,13.557490631706141,0.24723218438675176,-7.138866505470817,-7.165900268154816,3.3454678316908386,-1.5069244720941137,41.08062649934146,41.22544797682791,36.373055673042956,41.08062649934146
5,5.816040025092661,100.04158278015393,13.593605132492188,5.907201975091727,-1.8004213912714895,-2.0701481497185306,-3.310734825570425,-1.125629802667075,58.11283676713657,46.868091813269274,49.053196836172624,58.11283676713657
5,1.579052081797272,80.07685470961653,12.098103145672676,1.3340681355583452,-1.8004213912714895,-1.5835702440021198,-0.8559394658487869,-1.2357227060049598,51.51855633384477,44.23850164103645,43.85871840088028,51.51855633384477
5,3.5902830585837364,117.69544617749162,13.525225869669645,3.883895111795986,-1.8004213912714895,3.1989324806318975,2.1299042021976042,-1.6997511701065515,62.47639537741005,49.63782248122659,45.80816710892244,62.47639537741005
5,6.456318784039468,91.10792501276606,12.571986139272793,5.716118039027006,-1.8004213912714895,-3.2836626433278395,8.445532039396474,-1.2940784355540509,56.77429100752464,59.392693188972345,49.65308271402182,56.77429100752464
5,7.758233626373112,117.99967474505007,10.734369923694347,7.370815690464886,-1.8004213912714895,-0.25517984681718414,12.421673981223051,0.9335600189898499,64.05424658806407,64.93113294159929,53.443018979366094,64.05424658806407
5,5.6364684156142175,92.87449480581797,15.608768961602193,5.887519003234334,-1.8004213912714895,-1.2479467514396223,20.717847996822833,-1.1747593734624389,58.00284343660775,70.6811887042884,48.78858133400313,58.00284343660775
5,2.3370339861139655,91.37414355773775,8.273978053971504,2.833145037866543,-1.8004213912714895,-1.1504682589620097,5.698672796083116,-1.6802421272281443,53.99096548887704,51.70269218814838,44.32377726483712,53.99096548887704
5,0.8998051634989679,99.53160963087251,13.691056762426111,0.29704394064684814,-1.8004213912714895,0.41543528847597333,2.3207480007469385,-0.8963278588293053,54.647941056490495,46.60009280567421,43.38301694609797,54.647941056490495
5,0.8561206492595375,94.62914506032317,12.683335365789212,1.3291594067446928,-1.8004213912714895,4.507528529457886,-2.365398109303822,-1.7623194155649453,58.19736642333016,41.861525278536135,42.46460397227501,58.19736642333016
5,3.0521836946718395,94.65098383528404,12.045555212286937,2.5185082709267057,-1.8004213912714895,-3.467773174797827,-0.971696870807573,-1.5609520194146744,52.859524251065295,45.890502171527146,45.301247022920045,52.859524251065295
5,6.6742651467211545,86.83503424849411,10.777200023106712,6.435737029114869,-1.8004213912714895,2.0297580579081114,-22.47496643146444,-1.17633351259096,61.92195826755142,28.733730353329452,50.032363272202936,61.92195826755142
5,0.002388965804129839,81.80654312233057,11.478946455050494,-0.5294079002104225,-1.8004213912714895,-2.081034423748729,-2.096250614567909,-1.5955539496662634,49.3020652561778,41.10619475312556,41.6068914180272,49.3020652561778
5,2.0856995694339275,109.19929928030551,15.611340629286076,2.0128542019870417,-1.8004213912714895,-3.3884499344406342,0.6218446070350145,-1.2367642879523304,53.23389808563914,46.32426269908424,44.46565380409689,53.23389808563914
5,9.330341273453087,87.90694987806285,11.806001465992699,9.349996691308018,-1.8004213912714895,2.54198495396355,12.412376590089622,2.147277531996325,65.72866807864206,66.80836472696183,56.543265668868536,65.72866807864206
5,9.256447486113757,79.35314605136656,11.231026600429885,9.421278058759121,-1.8004213912714895,-3.8529610068710225,-27.511386770921565,-1.823735808528823,58.38966919033065,26.795928821143452,52.48357978353619,58.38966919033065
5,7.340943010058254,92.3822815125468,10.243275714989974,7.172001591504214,-1.8004213912714895,-2.853609849830451,-5.487963715192718,-1.8275028464523206,58.393328522222646,46.52074650560569,50.181207374346094,58.393328522222646
5,3.3307198341935873,87.98596769893993,11.008842956126163,3.3228583702998007,-1.8004213912714895,3.034546481058433,5.755321916876067,-0.9124695953277084,59.02958566071324,52.95176432663688,46.283972814433106,59.02958566071324
5,5.150633298326284,67.10821471494899,11.831415092851095,5.271839868459819,-1.8004213912714895,-0.3209748380081925,0.1292723218679001,-1.3001164670899241,55.770185200206754,49.50961088858795,48.08022209963013,55.770185200206754
5,7.439746463205665,95.63594276098488,9.28455586589001,7.050777525823631,-1.8004213912714895,4.742030668620368,16.878906405293524,-1.1136044818251012,66.43289930929416,69.00618076986883,51.01366988275021,66.43289930929416
5,6.191592400427908,102.50761181740776,14.285395633534149,5.911130378981272,-1.8004213912714895,8.12653609431588,4.626720478785424,-0.15780511970104039,69.00678676529866,55.25620996802742,50.47168436954096,69.00678676529866
6,6.262453445233405,104.42038534728532,12.195654074894376,6.813826205476241,1.9139858972246726,0.596401437593999,-2.9538695975492186,1.5818596369611913,65.46737000382728,51.475060433955534,56.01078966846595,65.46737000382728
6,2.1715769823640585,105.89111898131088,14.930042057193525,0.9903220569305549,1.9139858972246726,2.2817089497594525,-2.0550204177541453,-1.2555489425469615,62.39069912395208,47.4648578583074,48.26432933351458,62.39069912395208
6,2.165673109702766,84.98734430498777,13.980871705448578,2.5480077349105295,1.9139858972246726,0.34000556500483875,1.2707861409848715,1.2470627732406425,58.351533624371605,50.783579769852864,50.75985640210863,58.351533624371605
6,3.889450286515057,95.11409320264849,14.828773501444548,4.313463980483266,1.9139858972246726,-1.688615477528018,-2.7985241031843993,5.473442331185623,59.40412008377957,48.78280213785834,57.05476857222836,59.40412008377957
6,9.424556919839233,84.87476791856736,9.328204461373318,9.964941146238658,1.9139858972246726,-2.153942295188345,-2.2676187913535735,-1.657362811852413,64.55698869770015,55.95583540967817,56.566091389179334,64.55698869770015
6,9.62608013767749,90.4685277694935,13.159167276786523,9.465457841206026,1.9139858972246726,3.229037061677827,9.290557533337685,1.8232257212159182,70.74117190106485,67.75583959577534,60.28850778365358,70.74117190106485
6,7.398552792146802,81.85238968018986,11.276357571402704,7.734547584221733,1.9139858972246726,2.1875661057915416,-0.9508964890793329,5.954756181811104,66.16505432161136,54.8413527587215,61.74700542961194,66.16505432161136
6,7.332459057215601,83.25304299020965,11.906295100696427,7.418634760306975,1.9139858972246726,1.4160255605126575,-12.95659275536673,0.7516103256932853,65.454266625417,42.75634401051666,56.46454709157668,65.454266625417
6,5.357612899970263,109.44821743863903,10.801045057176458,5.102422019186966,1.9139858972246726,2.666893662094882,-7.619067554053787,0.9905816119660356,66.95483678314777,45.7240538231352,54.33370298915502,66.95483678314777
6,0.022729660850018263,95.91217644732062,12.430208986445667,0.24386885367029396,1.9139858972246726,-3.400694608591577,0.4725189449248509,-1.632714751581792,53.131784526385175,47.41378043516954,45.3085467386629,53.131784526385175
6,6.089374525472522,96.11738247431994,12.187262970958082,6.237514855468822,1.9139858972246726,-3.2928099984287513,5.700901475759695,-0.6854103135820915,60.54016357679494,59.92213680355139,53.53582501420961,60.54016357679494
6,8.368015594314784,125.9433726983724,7.760331169737306,8.212406087301922,1.9139858972246726,0.4650485615750969,5.959394875683599,-0.36273911871697995,70.01499044181476,62.91499948608601,56.59286549168543,70.01499044181476
6,7.515225626993924,99.12411751888942,13.704886177649408,7.331188487541426,1.9139858972246726,1.6221239245713892,7.34820506810916,-1.1591841334912338,67.46679232607771,63.28046171772654,54.77307251612615,67.46679232607771
6,4.527315725572407,91.94404323086621,12.30874914462652,4.420961248217499,1.9139858972246726,3.452421699946396,-5.950710196049439,-1.5508210450469904,64.99359079094458,46.39605457186212,50.79594372286457,64.99359079094458
6,5.357899938244373,111.2093004424861,10.05627671958917,5.558476483573,1.9139858972246726,4.431149667999181,-1.936418063430223,-0.6404116707739422,68.89554553536571,51.40704775968769,52.703054152343974,68.89554553536571
6,5.373766953125596,92.69113246915401,9.79714432815373,5.35282582232975,1.9139858972246726,0.5465637316262834,5.304717666884847,-1.5804221057332835,63.178183219517074,58.66722390786023,51.7820841352421,63.178183219517074
6,0.013808435760438442,120.59361672219258,10.619510223405804,-0.5270601016272701,1.9139858972246726,-3.303247072126097,2.1225499546677793,2.7371852306187394,55.68667062023036,49.05310597480498,49.66774125075594,55.68667062023036
6,3.5566595382988453,94.3349145903067,8.832730155577506,3.68009095034113,1.9139858972246726,-3.6075817897771074,-3.668818461947742,5.03949144537287,57.007887012436846,47.51315888123554,56.22146878855615,57.007887012436846
6,6.121330901514739,90.75771078822409,12.275532133027673,5.9745323399892785,1.9139858972246726,-2.9001260294875486,-14.969176376713515,-0.6891666068852009,60.435228028377225,39.290406602328844,53.570416372157155,60.435228028377225
6,8.289421305526048,82.47812423387971,15.004687909925654,8.59374740813736,1.9139858972246726,4.183473781298875,2.137228785374436,-1.7724922788435564,69.29257766854278,58.99852024923037,55.08879918501237,69.29257766854278
7,3.5672199935652316,104.92960537886628,12.385763174296546,3.0837086769741076,-1.3857142909905915,1.213080812138578,1.4446743679304601,1.2484759418078892,59.600991051312896,49.33962406921815,49.143425643095576,59.600991051312896
7,4.10635125823319,121.99765941160247,13.05430946904765,3.3429285654236778,-1.3857142909905915,4.4709475865821835,4.236659419998515,-1.5804330469226788,65.21262074663167,52.77856663888775,46.96147417196656,65.21262074663167
7,5.734758989419788,94.65985682366632,9.033587417595239,5.53565923500984,-1.3857142909905915,-2.042145858219109,11.557884466210657,1.4818352297652415,57.91983632046068,62.05388096252381,51.97783172607839,57.91983632046068
7,5.896783035714179,103.92201462816146,8.921598553381187,5.6419652314620405,-1.3857142909905915,-0.15684114020905854,-0.46648647175126007,5.93586648081804,60.92578567447351,50.22393888011516,56.626291832684466,60.92578567447351
7,7.196572923567146,104.99993282763597,10.207134226171355,7.467065696379342,-1.3857142909905915,1.9104708984964005,-17.34055539766226,-0.44013902006014205,64.66063739854998,34.90961781962773,51.81003419722984,64.66063739854998
7,3.9497304521501064,121.33289860464313,13.44213995949644,3.2019660400469077,-1.3857142909905915,1.0706497758615896,-7.155955157713314,0.10362590874059374,61.55790188791544,41.19800709387622,48.45758816033013,61.55790188791544
7,9.192039291374385,109.95814900999258,10.230996110626913,8.764618296872044,-1.3857142909905915,-3.5268481511510332,-42.20345417499543,-0.9915222808479525,62.1136996085069,12.441278683663242,53.65321057781072,62.1136996085069
7,9.625702935736626,83.89517266457034,13.117197051417104,9.575300769362883,-1.3857142909905915,-4.45815847081745,-0.9739006384755496,-1.376973511616368,59.09648802753294,54.19122859341781,53.78815572027699,59.09648802753294
7,2.335235255304724,89.5464733799989,11.562524990307422,2.040721487933258,-1.3857142909905915,-7.336117149517412,1.1103427806266908,-1.5833923232574727,48.03509820385755,47.526910796001765,44.83317569211761,48.03509820385755
7,7.244975999929011,88.80804314598159,12.767246964773195,7.168479276255216,-1.3857142909905915,1.9505979505145086,-8.451173624332116,-1.060703216805135,63.139659174036886,43.85708328459211,51.247553692119084,63.139659174036886
7,9.036345251370221,102.12359308198329,9.921759779506315,8.55702514601634,-1.3857142909905915,1.7923765367875562,31.932955171742314,3.367525657545438,66.46263585563956,86.390855182396,57.82542566819911,66.46263585563956
7,6.034740847535431,99.94079168904021,10.102015502858347,5.7050390001330005,-1.3857142909905915,-0.017746603996130768,4.967694482895498,0.3902062563072308,60.83230729095982,55.82366920894742,51.24618098235916,60.83230729095982
7,6.315072989091277,105.51906251637648,11.791678092033095,5.94725992062145,-1.3857142909905915,6.104641372650505,-2.270800880049945,-1.1474925539122123,67.84892092020709,48.921572415868994,50.044880742006725,67.84892092020709
7,9.373858496546745,90.13985627954129,11.582577794552185,8.676311159057985,-1.3857142909905915,0.8288669396416655,18.617603935689093,-1.6397916106145178,64.7057684724613,73.48051984055459,53.22312429425099,64.7057684724613
7,8.504827506840229,94.35479994758423,8.422539609495653,8.658042476544937,-1.3857142909905915,-1.4893986280689753,9.093212788054624,-1.254644188977735,61.76616008390713,62.913291505272305,52.56543452823995,61.76616008390713
7,5.79820899059996,111.12040090637628,13.074168842173009,5.581781221295022,-1.3857142909905915,3.5106486612584384,-2.830854330573492,-1.5791280695304526,65.19482524962542,47.741282167155866,48.993008428198905,65.19482524962542
7,8.214039239101112,98.50589865327295,8.100607859814321,7.991662799967173,-1.3857142909905915,3.0124514989593347,8.565789227925997,0.37023901543680027,66.33417416021737,62.03692202385674,53.841371811367544,66.33417416021737
7,1.137186090927571,90.18565182089358,11.169531076893568,1.5807695034385767,-1.3857142909905915,-2.1199190841382847,2.580722510363668,-1.7289785950592786,51.87755511607357,47.559631528486165,43.24993042306321,51.87755511607357
7,7.6450775866396725,114.56746561091907,12.110259341186035,7.9121750245743785,-1.3857142909905915,0.20569275280673627,12.237272535816105,-0.7052692907415987,64.45081812687566,65.02565134879312,52.08310952223542,64.45081812687566
7,6.236134571954608,100.2024446735258,10.596000561822455,5.958662957409815,-1.3857142909905915,2.6622787501588414,5.7203206414924015,2.0210060706175543,63.78017041286636,56.81796783684734,53.11865326597249,63.78017041286636
8,1.4844660670496523,86.25197999467683,9.19232193485205,1.836463188934445,-8.177146313123428,2.85324134553421,-1.1054768657946512,0.046755647452544125,50.08265231233805,37.4987361015415,38.650968614788695,50.08265231233805
8,0.8026446658186615,125.64532841892455,11.202352138214959,0.6510553229432533,-8.177146313123428,-0.3989280460445541,0.3112801641026863,-1.2014641598361306,49.95163208170687,38.09730744996165,36.584563126022836,49.95163208170687
8,4.640695513226092,82.47848515080017,11.77915640087039,4.468196060184607,-8.177146313123428,-3.856752777198773,-5.869980438828975,1.5280801175474206,46.782784040629124,36.521707863918905,43.9197684202953,46.782784040629124
8,7.793681614566594,73.28445609771214,10.151843097453202,7.860259494439401,-8.177146313123428,4.983494568645227,5.553504542092249,10.977401284546808,58.487211802772926,51.72877616644873,57.15267290890329,58.487211802772926
8,7.335279595572501,66.20301327147675,9.285513999168488,7.391487437439219,-8.177146313123428,0.4097296679136368,-5.642719658283007,-0.939237417013113,52.65522019662488,39.982469543280565,44.68595178455046,52.65522019662488
8,8.172304444015026,109.76688954320049,9.610791034497426,8.129285934953005,-8.177146313123428,-1.3930914840769182,-14.909691375280573,-1.5708598807955023,56.213216489937736,31.719927644414028,45.0587591388991,56.213216489937736
8,1.7016248125582933,92.0075106159585,10.943024441424425,1.6008297688336857,-8.177146313123428,-0.9192714171555061,-2.1033896864444808,-1.2768262357136955,47.14628310638687,36.76141377550204,37.58797722623282,47.14628310638687
8,9.4472032552585,95.86660964541575,11.094746226558101,9.607211409037445,-8.177146313123428,-1.307436901590684,1.6449394382644196,2.020232798066022,56.438721656137666,49.804437031451194,50.17973039125279,56.438721656137666
8,2.9362384136766195,104.34440458943568,14.838970386322679,3.333906505793473,-8.177146313123428,-5.123468397680733,-0.7470741499272698,5.277300522504724,45.65731184455135,39.59926563336124,45.62364030579324,45.65731184455135
8,1.4907205244526267,93.00273907313854,9.428637710968568,1.3331710884705885,-8.177146313123428,-0.5138676623227132,-1.8958589162686206,-1.193243786801141,47.398124561210864,36.7158593999511,37.41847452941858,47.398124561210864
8,7.193785912822932,75.87909737582969,12.762297878723956,7.774490822975037,-8.177146313123428,2.9664472553543106,0.952843624976646,-1.301794400771609,56.00975377520137,46.40824040724073,44.153602381492476,56.00975377520137
8,3.2408595248125494,70.75324305937019,11.165062797804453,2.906860672983091,-8.177146313123428,6.856926159706374,6.242183041484904,-1.280542909267698,54.64413558229502,46.954068158136536,39.431342207383935,54.64413558229502
8,7.788094985298812,94.88950122653529,12.185722841575473,8.588677846638653,-8.177146313123428,-1.6078410560736573,27.552280566685006,-1.7329749322702328,54.04967673581501,73.72084823592016,44.435592736964914,54.04967673581501
8,3.944410018157214,102.6208829099698,10.672830928447556,4.272527227764804,-8.177146313123428,-0.567266252311594,-3.29316811642846,-0.5589724301776027,51.25096774735061,38.262977592236766,40.99717327848762,51.25096774735061
8,6.785928679164499,65.83333658834157,13.605654779015111,6.641318535893001,-8.177146313123428,1.9717525229358699,-7.458146326222844,0.6620256621373108,53.521054283644,37.507821775651124,45.62799376401128,53.521054283644
8,7.758250427432358,104.35786721420627,8.593834709210894,6.907989699472346,-8.177146313123428,-0.5013828542006958,1.0295512563608138,-1.0196154998175517,56.06715806701533,47.16230545615621,45.113138699977846,56.06715806701533
8,1.8786904402077198,106.33459536210421,12.307814145129687,1.7194706614552158,-8.177146313123428,-1.6103010002268117,-0.8227216943661324,1.9643103529762664,48.100440751109446,38.2545605207597,41.041592568102104,48.100440751109446
8,0.29085818910971284,119.42106044810072,12.052150999842727,0.1518190198334454,-8.177146313123428,-1.0003171175082954,2.875456641274112,-0.2582276248283981,48.113672441110005,40.04734015508234,36.913655888979825,48.113672441110005
8,1.3571379706263542,102.47071027860932,14.111726758170217,1.9351188941596873,-8.177146313123428,0.6687124447885798,1.0427400202969739,-0.4106755436314127,49.36720272427771,39.49415927192517,38.04074370799678,49.36720272427771
8,6.801641781348735,103.07430761200352,11.551065771298992,6.952136210908254,-8.177146313123428,-6.725106502894189,6.430816686079143,0.2620597662334714,48.56714808280121,51.41564051057419,45.24688359072852,48.56714808280121
9,9.348229537717998,109.0690544008871,12.993192778746074,8.619783324888207,-5.934503975549159,-1.928379261203508,15.31945710416143,-0.3626886556069364,59.26189764859763,65.60282857387386,49.9206828141055,59.26189764859763
9,5.504940843675286,99.71288846246603,12.799267909273668,5.614015752121476,-5.934503975549159,0.3885203379288952,-2.1508304987958793,-1.5079097441413514,56.031234221036684,43.5205945380653,44.16351529271983,56.031234221036684
9,6.0176623542793095,98.80428478931788,10.706174498629023,5.640539260480008,-5.934503975549159,1.5020517974675922,7.263880202812847,4.418575711999401,57.66917112598539,53.55057105239886,50.70526656158541,57.66917112598539
9,1.9699448812752962,101.73976696604207,11.83247447042493,1.2895876403827402,-5.934503975549159,-2.9420636033937164,-3.4160161706976555,-1.5222032737269409,48.66134297519169,38.01341371128354,39.90722660825425,48.66134297519169
9,5.352366105653346,111.16260046072581,11.732757599980962,5.719980810945065,-5.934503975549159,-1.7952623897964557,-0.03625103151605024,-1.7392660639262132,54.80933300751098,45.4520843197188,43.749069287308636,54.80933300751098
9,1.7955573927611113,93.5306409470846,14.239207710948381,2.0362396790612474,-5.934503975549159,-5.060954165508187,3.15508596579002,-1.40071163707439,45.51227482496444,44.37525086155419,39.819453258689784,45.51227482496444
9,4.518864944111556,92.50706572133149,12.478441945165208,4.358855854422619,-5.934503975549159,1.3889565085567273,-9.64177277087502,-0.6599468360742133,55.12779703807458,34.84636118650968,43.82818712131049,55.12779703807458
9,3.1705335178412497,87.02256884866433,12.58120443171571,3.7455221900527453,-5.934503975549159,1.8989537259153124,-3.6675821703864786,-1.6432550712092,53.47134685664209,39.202554075473856,41.22688117465114,53.47134685664209
9,1.1617467040196061,85.6336407509219,16.687202836837272,1.0368645559142218,-5.934503975549159,-0.22236003291025258,-2.2370870195943406,1.635813798713578,48.80059611145631,38.222505049680024,42.09540586798794,48.80059611145631
9,1.8610215676017106,104.90199957007957,12.8325962247728,1.186867809715543,-5.934503975549159,0.08388469880421989,1.769361854020478,-0.6321468686196683,51.87280656138507,43.06808375959337,40.66657503695322,51.87280656138507
9,7.2973009664565325,123.21058338527763,12.724962155738563,7.66168180288553,-5.934503975549159,-7.536298467852368,-0.2945119523530406,-1.6471635810623788,52.60701705487407,47.527745231845635,46.1750936031363,52.60701705487407
9,4.1187207121402025,85.46710646703355,13.063365250952243,3.8487203807095844,-5.934503975549159,4.240452062402446,-1.203041139715842,8.289836653852431,56.79512358812489,42.80491973930324,52.29779753287151,56.79512358812489
9,4.140496817417443,97.17339360610805,15.09608447667962,4.1954214440766275,-5.934503975549159,-0.9096586112196654,3.497485439729543,-0.9074968056432078,52.84177295474291,47.53157764508131,43.12659539970856,52.84177295474291
9,4.803101290017366,84.54998257816122,13.922976601211541,4.4338045710228835,-5.934503975549159,-1.7979334015821054,-10.660787982809177,-1.6844668633719038,51.4862824287057,34.1684295896625,43.144750709099775,51.4862824287057
9,4.274944656062871,113.62129662790744,12.676872357212927,3.753160756567,-5.934503975549159,0.05898657437396537,4.600512883244576,-0.7287505915555565,55.616545848891,48.79594249497086,43.46667902017072,55.616545848891
9,1.3649036013521254,95.23927202937807,10.778093991461775,1.5414766514619398,-5.934503975549159,1.8078969141462244,-1.0301567508212528,7.665721014932073,52.03520446315743,39.67322359525213,48.36910136100546,52.03520446315743
9,8.246794063597918,102.68505949810633,12.714104100820396,7.887319251347311,-5.934503975549159,4.721055050160926,6.92191485627629,-1.5610581297861386,63.9512099007399,55.88356375704463,47.4005907709822,63.9512099007399
9,5.923042425420135,105.22042281593765,12.283017359754377,5.706413585519746,-5.934503975549159,1.1656739930092592,8.491078966295813,-1.7596487475623177,57.860863209558026,54.664225901250816,44.41349818739268,57.860863209558026
9,7.943969776388258,84.1858146808834,8.327417312442702,8.233602537612962,-5.934503975549159,-3.3746887978887274,-10.851811593767195,-1.4007934816855745,53.642152426316365,37.74644816234955,47.19746627443117,53.642152426316365
9,7.690324257127941,98.42883567833948,8.917937907212321,6.665372726416268,-5.934503975549159,-0.23786361163220637,26.150480682054447,-0.2557979594980875,57.89890508920611,74.44436581505882,48.03808717350628,57.89890508920611
10,9.180564172565937,96.57486074358206,8.411234271164265,8.805677102755865,-3.691825888967133,0.32262751703909615,-4.24460510772055,-1.231069358035413,62.30496470950929,48.08024601039144,51.09378176007658,62.30496470950929
10,8.62629777053371,110.13033343641308,14.829029816917478,9.238122029828268,-3.691825888967133,0.4927343625589654,17.019625671803933,-0.3368494447305044,63.165499141873596,68.67935710747726,51.32288199094282,63.165499141873596
10,3.1697523780167103,81.50132959740536,13.236675783521951,3.167597922780991,-3.691825888967133,2.95333243615596,-5.736569099191218,-1.497644448020807,56.21534236054942,39.37530786546171,43.614232516632114,56.21534236054942
10,2.59260575985536,82.00057683365831,7.299089225601441,1.919332283711296,-3.691825888967133,-0.26179414026974,-2.596443286080056,-0.25167040331324464,52.35756456595539,41.82285773677925,44.16763061954606,52.35756456595539
10,7.4226645193994045,111.48799864924162,12.93406317218823,7.402897007389432,-3.691825888967133,-2.345354857812813,-1.2463971400153353,-0.19961698294341024,59.0188165414235,48.96897439429682,50.015754551368744,59.0188165414235
10,7.473611168097705,91.17853208075535,12.127663876287025,7.491808411676813,-3.691825888967133,4.177837387068434,13.420766116915601,-1.0676734786987898,63.57219810789409,63.697273629665716,49.20883403405133,63.57219810789409
10,9.179040340241045,90.09556255036637,11.487479116359452,8.868692227120258,-3.691825888967133,8.235817631232935,2.7270393225992198,-0.5606844307523728,69.5683964055917,55.05006184192134,51.76233808856975,69.5683964055917
10,7.931912092026323,101.69520283296015,10.510955923493261,7.6577768495295615,-3.691825888967133,-0.9010954512657005,-23.37522874888849,-0.5542757193295229,60.09489345349476,27.451239872575968,50.27219290213493,60.09489345349476
10,1.333296182565391,95.19401800470942,9.461949446911547,1.317686248823799,-3.691825888967133,2.8202121103170077,1.1846468297893236,-0.2776978500981506,55.24774344089929,44.09277635990066,42.63043168001319,55.24774344089929
10,2.8774975216947496,127.99572245408181,13.725256015861582,3.2133946698317435,-3.691825888967133,3.247238577785775,0.7717519931310851,3.2401508737052174,60.80798196026053,45.53292313019765,48.00132201077179,60.80798196026053
10,1.9467614381574094,103.89297183651698,10.846130656205968,1.610198231339908,-3.691825888967133,2.7602882776820694,2.5570220936151435,1.8713507623644416,56.79387329815553,46.201309930436906,45.515638599186204,56.79387329815553
10,7.841093826573342,102.42340106377105,11.73546530341994,8.12758513703791,-3.691825888967133,-1.2186456562634473,-1.9212860173210002,10.123408629471744,59.74118115303453,48.79620068559988,60.84089533239262,59.74118115303453
10,1.2887216173112392,113.9661236400303,13.173656201175987,0.5417353561281555,-3.691825888967133,1.9935070095816712,4.552613952718239,10.820261205638792,56.24475942539106,47.407254004524596,53.67490125744515,56.24475942539106
10,1.290892835240811,99.10079876110568,13.070000553995204,2.087235523123925,-3.691825888967133,3.6811531354677482,-2.2997458650922886,-1.1536214633549555,56.44847852490016,40.55749964822955,41.70362404996689,56.44847852490016
10,0.7225311128422618,100.73109550116175,11.213180126065494,1.0309657111862653,-3.691825888967133,8.966707609893492,1.0897955649480755,-0.7877946059398409,61.215028606453245,43.26500701139166,41.38741684050374,61.215028606453245
10,0.5312948348000646,83.90686898899054,10.918781165581278,0.2822555915950914,-3.691825888967133,1.1990071972980103,2.7525093865187262,-1.6331371468555225,51.53542200899001,44.69823729931167,40.31259076593742,51.53542200899001
10,5.318744364194572,65.60542854278991,12.518901830469163,5.277306544050933,-3.691825888967133,0.21463845382740177,-3.177300966497668,-1.8074111280824823,54.46584865617275,44.51336638156869,45.88325621998387,54.46584865617275
10,1.1230824165977538,81.89189724903487,9.643442477982282,0.6300670883658326,-3.691825888967133,-2.8460343363529725,1.2783632197811896,1.5383421169226,47.99902839950069,43.934236230731365,44.19421512787277,47.99902839950069
10,7.431877197232097,101.71164144695787,12.612276957097341,7.058714052122801,-3.691825888967133,0.040198786123008264,4.958100454542692,-0.3560750851734873,60.43778967853017,55.18452720225408,49.8703516625379,60.43778967853017
10,7.313154772855341,84.50054381341934,12.346962458240707,7.432162178665929,-3.691825888967133,2.1180414438010002,-5.249123111766026,52.94532608912199,60.65205566360221,44.834836726693254,103.02928592758127,60.65205566360221
11,8.851176870521158,110.33211628513095,12.501156134340421,8.025366486341612,0.6969781226690348,1.997082949133751,37.66885526110567,-0.8545820122208156,69.34868494494128,93.9872456284001,55.46380835507361,69.34868494494128
11,5.171110555529594,110.87624526512296,11.444151901677971,5.442010244526014,0.6969781226690348,-2.718549375027843,-1.8140821031399326,-1.1550269808817069,60.27138594078901,50.08822868616462,50.74728380842284,60.27138594078901
11,8.519309849943966,103.26070316408632,8.550528531474312,8.853863073109714,0.6969781226690348,0.01430914514381296,-16.259353573136007,0.6885219354568364,66.26052940415424,39.660796369465785,56.60867187805863,66.26052940415424
11,4.42796268267557,96.97514902572433,7.986590112288625,4.476860233271738,0.6969781226690348,-3.2488065383879574,-9.950163098027431,-1.7758931759604735,57.4592417060642,41.06037024385229,49.234640165919245,57.4592417060642
11,1.578801004216075,79.51465209116975,9.416383339063081,1.26350114934024,0.6969781226690348,1.2192561462349634,2.047591602707755,-1.5578462883967765,56.762260683080264,49.63913093043608,46.03369303933155,56.762260683080264
11,4.423246388323605,95.3659358698426,12.731676456966591,4.676701194579169,0.6969781226690348,0.2724810571356732,-6.46096794341895,1.7340171147970642,60.813948432777295,44.54390584523841,52.738890903454426,60.813948432777295
11,9.677336672320962,93.20645670194159,11.695593492183137,9.596019273048707,0.6969781226690348,3.645521773746731,17.388817405500532,-0.5849799582528834,70.27594957339508,74.69859953495472,56.72480217120131,70.27594957339508
11,4.8458792944438756,109.94843716779688,10.531811819847583,5.556189299478272,0.6969781226690348,0.4519167346874693,2.551975930839838,-0.4527353786527972,62.95879372746885,54.064009206841526,51.05929789734889,62.95879372746885
11,2.524584394413978,119.62944305123045,10.436055886036819,2.7259260542851322,0.6969781226690348,3.0201654937083875,-7.137146517757502,-0.7848618861684904,63.709589194797246,41.58933287820831,47.94161750979732,63.709589194797246
11,2.59689980186522,107.51560464841747,13.103134069625417,3.340878079344335,0.6969781226690348,1.7712269609706586,0.3834638946962139,-1.6993691380399634,61.336045310719705,49.196721779603514,47.11388874686734,61.336045310719705
11,5.420159408822656,83.07567197203949,8.778318031139865,5.176362190594535,0.6969781226690348,-2.5472847868780004,0.5918930611206059,-1.8109096869337034,57.96145182358217,52.79306247437683,50.39025972632252,57.96145182358217
11,6.498758376110345,125.06495958097248,13.496352866180887,6.959980505105453,0.6969781226690348,-4.47390838883482,7.94292073974458,-1.7940548670656182,61.52807574326388,61.43840891374603,51.70143330693583,61.52807574326388
11,3.3641913230530918,115.15529548678185,12.898592022475176,3.7519309859564447,0.6969781226690348,-0.12205874582051277,-3.4020836735740536,0.5287845528287101,61.127478513190425,46.33192403675869,50.26279226316146,61.127478513190425
11,0.6094974628649652,103.35281823811688,10.25987495911269,0.8644187256946712,0.6969781226690348,6.585944498646498,2.195486644170777,-0.9803962721361515,63.349601400565184,48.62386172227777,45.44797880597084,63.349601400565184
11,4.513108502142131,66.90273110185566,11.80450413728412,5.221975579145534,0.6969781226690348,2.28971457634694,5.583302963879134,-0.9907693648809627,60.0926960117721,56.69601128911873,50.121938960358634,60.0926960117721
11,8.387550334446132,85.68121572170263,13.786200427432531,8.858874560294936,0.6969781226690348,1.5703312331998753,45.4844268163735,1.1019717238579865,65.90049132937453,101.2464653403779,56.86401024786238,65.90049132937453
11,5.746373343281448,98.97140399184644,14.701830190532505,6.1866543977459845,0.6969781226690348,1.9192580937505461,11.669598227242972,2.2479310127434013,64.40902462754197,64.26222436184975,54.840557147350175,64.40902462754197
11,3.533503774087876,111.41958852347905,14.977940788617001,4.084283004429776,0.6969781226690348,3.8688285552339536,-3.310088597500721,-1.7352668162637626,64.94797005915635,46.627094054073766,48.20191583531073,64.94797005915635
11,5.474260782357305,82.30143700062564,12.742134425694536,5.187354632977348,0.6969781226690348,5.064937175530637,0.5332913991815426,-0.14440906340719661,65.561171937091,52.79938246067935,52.12168199809061,65.561171937091
11,8.927185938227922,148.16798435150935,11.571053512974862,9.2025910332591,0.6969781226690348,2.892852138209763,-12.698900332940331,5.035192995823834,74.11925182190323,43.71070091560221,61.44479424436638,74.11925182190323
12,4.899905705824494,61.69262723573759,12.910989179878289,5.407146288538141,-7.269292739856746,3.875540889782206,-8.87309904389657,5.680296671390337,53.655397720488615,34.73749506323608,49.290890778522986,53.655397720488615
12,1.7163211316801608,96.46099075998903,11.483777779487863,0.9674856203023933,-7.269292739856746,3.1049842296888004,-4.3117725573565,-0.9242154658731667,52.541375923847156,35.47852006080295,38.86607715228628,52.541375923847156
12,5.4303099401295185,96.10656035107849,9.994152495791766,5.929543119380274,-7.269292739856746,4.212309461742121,-0.10968248524879046,1.1174328154920612,58.07004468514865,44.13739670304989,45.364512003790736,58.07004468514865
12,9.614676958881319,90.04949625071211,13.688286965595882,9.183756795103509,-7.269292739856746,3.4716216685169856,-34.76469255785197,0.47600685870303505,61.74489090438903,14.503627052948865,49.744326469503875,61.74489090438903
12,3.136838220525533,95.21513933760777,13.389317551793269,2.5471703938627916,-7.269292739856746,-4.7979994780310005,1.1630743827843129,6.363963295828189,46.21842758050367,42.65798750755821,47.85887642060209,46.21842758050367
12,8.205145481042564,111.13592736358473,14.522007495294606,8.164040979905046,-7.269292739856746,-2.254881497664856,14.692362756167679,6.338229752584919,56.43559307608795,62.26924459356201,53.91511158997925,56.43559307608795
12,3.0705440044403076,86.8856098632134,15.333118578675343,2.3845975455187833,-7.269292739856746,-0.7174440931234831,4.240558521856748,-1.6141586575363993,49.38647695866948,45.65591858732837,39.801201407935224,49.38647695866948
12,1.8545358115807176,68.75779350545082,14.943715876178686,1.5447751566953314,-7.269292739856746,-0.061426860263207456,-0.6167673729905899,-1.5410347036882523,46.770502724321986,39.33938286104953,38.41511553035186,46.770502724321986
12,0.4834677674807608,101.40651854215326,13.57863141016886,0.822489354636639,-7.269292739856746,5.890119895724624,1.8647701078908625,10.161566816064868,54.34164033106012,40.17563868901103,48.47243539718504,54.34164033106012
12,2.4567414727061987,99.97270281995806,11.927091457633313,2.490035567369012,-7.269292739856746,1.1695367370114402,3.2469853845855416,-0.22188488145111984,51.845604046397945,43.925782411976236,40.456912145939576,51.845604046397945
12,3.5110692214220762,99.80349021442639,11.817433446714997,4.02510320885537,-7.269292739856746,3.199748256583829,1.4722700103322532,-1.3238813111920589,55.12408760387622,43.416260336182,40.620109014657686,55.12408760387622
12,1.5902238176204264,110.01952111837156,11.174274121916197,1.7006417848018553,-7.269292739856746,-0.8136394036414754,-1.219597606813051,0.06448946682484413,49.82728854948345,38.41937823447471,39.70346530811261,49.82728854948345
12,3.040979967918247,99.80248445571756,10.437877603359837,2.3565228697486105,-7.269292739856746,0.5620698938618198,3.2386783813218143,-1.2746024642881744,51.92220156107873,44.61856160296696,40.10528075735698,51.92220156107873
12,0.17548324773088098,111.64070545714455,11.219814429176237,-0.28433676088658677,-7.269292739856746,-0.5370736422780004,-2.9148006247051383,0.3722117114460983,48.56828406085676,35.026486532715175,38.31349886886641,48.56828406085676
12,9.965526792220771,69.83897001047117,13.227675244018515,10.029441320077243,-7.269292739856746,-0.4697594274882916,44.472188550012696,-1.48628672650096,56.20347698436701,94.16152796082088,48.203052684307224,56.20347698436701
12,8.043933126609772,83.07729257542299,12.769354040666485,7.873048051843682,-7.269292739856746,5.368328923758686,21.425972499715716,0.09848687189909966,61.05948519337597,68.8093995117907,47.48191388397408,61.05948519337597
12,0.86580601753667,105.2319935737858,9.588686700363253,1.2286068991002728,-7.269292739856746,0.9255119318825323,-0.21261199894833976,3.604646867121139,50.21838577044837,38.55706248223892,42.3743213483084,50.21838577044837
12,8.699332696851343,94.70652276854614,14.395702440028076,8.759692281983678,-7.269292739856746,1.0955910278952805,5.4529640949713025,-0.12709271733923488,58.736149801114756,53.62287059133617,48.04281377902563,58.736149801114756
12,5.5458586337044835,114.17161896876434,14.582282533313705,5.102047728309067,-7.269292739856746,-0.12576471893290286,-13.049461190712236,-0.6336757517736555,55.677134798532165,31.3362764298764,43.75206186881498,55.677134798532165
12,4.213784218300134,84.92920221210304,14.966143205041048,3.9942607258442653,-7.269292739856746,-1.7969475904180294,-3.329312786419266,-1.8256620930375334,49.48322095289569,39.45793553568415,40.96158622906588,49.48322095289569
13,0.6763681909069419,110.85854098745268,9.552809528376816,1.083883572907114,2.0001627164917073,-0.6075460267941742,-0.8065773186425974,-1.1638652259377742,58.290112617531136,47.00522722693744,46.64793931964226,58.290112617531136
13,5.614379565231502,89.96750888514454,11.17365073125794,5.236214733100219,2.0001627164917073,-3.6431473116779767,14.249179046226532,-0.8887633991959358,59.09102177160599,67.98659724099605,52.84865479557357,59.09102177160599
13,0.7072189426980913,83.30439709426301,11.18083826757541,0.1070926014673863,2.0001627164917073,-0.05857903825135094,-2.6706162038651504,-0.06090734729981229,56.120686118904366,45.178209243864266,47.78791810042961,56.120686118904366
13,2.1139193885028362,94.85792215949583,11.097670563475589,2.3399850137265057,2.0001627164917073,-2.2621006096300293,-2.526080059230688,-1.2348063513582823,56.76055758901467,47.010785923464425,48.30205963133683,56.76055758901467
13,5.496204134542495,100.7466898475311,10.870602096543713,5.569299641712393,2.0001627164917073,3.567262765066573,1.9427297910549455,-1.0119678139744979,67.23753942776239,55.538337468997646,52.5836398639682,67.23753942776239
13,4.8198144836351275,81.58477057711697,10.879979331006595,4.501123250871797,2.0001627164917073,4.530500224625267,1.4802546201807163,-0.4545959236085415,65.47291737919083,54.26419471703458,52.32934417324532,65.47291737919083
13,1.5946985455229878,88.5399113375883,10.058883866015591,1.5762239515031764,2.0001627164917073,-3.511177873032488,-0.48658378773379307,-1.4867358547006952,54.25661423184564,48.4272171833855,47.427065116418596,54.25661423184564
13,1.4957899507135153,81.30726907573177,10.874352907653138,1.5572406486474073,2.0001627164917073,-3.8817848207305627,0.10025890692521192,-0.6989210927614535,53.04405274419054,48.89536956427314,48.096189564586474,53.04405274419054
13,4.992728803772479,115.25160966639659,11.335927113403562,4.686079038025114,2.0001627164917073,-1.4550199573325986,4.849353028526738,-0.8514554921480277,63.06157829032574,57.84079030954542,52.13998178887066,63.06157829032574
13,9.405648780521005,110.85418936088296,12.387300219498592,9.551550113456486,2.0001627164917073,-0.17908520761948768,-8.675484142348063,-1.742626078275869,69.19327498158572,49.61145711076885,56.544315174841046,69.19327498158572
13,3.3423132658936083,84.5120929434233,13.211285712544441,3.064905678030277,2.0001627164917073,0.38423913164576096,4.024532204979495,-1.387437564115805,59.846387061552136,55.03547084054353,49.62350107144823,59.846387061552136
13,1.8843432958237827,108.36019006184137,13.915747198850013,1.747080835000026,2.0001627164917073,2.3937967522686074,1.8976377786239802,-1.1648254125918913,62.49119042993299,51.15901245010423,48.09654925888836,62.49119042993299
13,2.6971617829985917,96.16627865350716,10.398363122031206,2.9943015181722323,2.0001627164917073,-3.0482265008606175,5.354604148289584,-1.1668864607019418,56.80515822058012,55.5913610043796,49.06987039538808,56.80515822058012
13,5.307440781034529,83.29912364279994,12.085097311210484,5.193225697850075,2.0001627164917073,0.7393598853227576,-1.832069208606047,-1.7059365977659997,62.43836390333589,51.53702244512709,51.663155055967145,62.43836390333589
13,0.2145022852346301,106.31796159422206,16.671401724026815,-0.4534511850372742,2.0001627164917073,-1.9166457908709025,-1.6461443190377,0.6229980284427332,55.97271582732457,45.61142113973556,47.880563487215994,55.97271582732457
13,7.987603074871004,95.15574532230438,11.076265088356031,7.88184705828887,2.0001627164917073,-1.8068537637775528,3.874352116359807,2.179877188346566,64.29400717478978,60.45963852269672,58.76516359468348,64.29400717478978
13,1.1033510020934045,113.20269851787283,13.480859812081315,0.4233692435828962,2.0001627164917073,1.6473199191045116,1.8166770182323124,-1.109907517516979,61.29177368989559,50.140860937236106,47.21427640148681,61.29177368989559
13,5.397982858121395,97.07704589836148,10.603310678635465,5.187249732657171,2.0001627164917073,0.3722845195832183,9.864537835922976,-1.6885867475583318,63.55773125565675,63.342279982160356,51.78915539867905,63.55773125565675
13,5.712338974699378,117.82082473155666,14.130737802911248,5.457532655961596,2.0001627164917073,2.1286747640871893,15.372493602940878,0.01910785350955213,67.76572672337382,69.22746308907185,53.874077339640515,67.76572672337382
13,6.18951546959579,92.35353232348069,13.091033642677525,7.4593233833078205,2.0001627164917073,-2.4710710875422275,-18.001932212147647,-0.015300224325529355,61.191863424812496,36.42564906785901,54.41228105568113,61.191863424812496
14,7.148536934982985,103.2932201630994,10.16358135951359,7.3450191709323756,4.254185414315952,0.2602114607415117,-4.987354731340114,-1.639270672231361,68.421963213347,52.845075004955426,56.193159064064176,68.421963213347
14,1.233005786780268,105.55441632046838,14.050382687352137,1.4098122502729642,4.254185414315952,-0.5352545853295835,2.681729936259076,-1.1261248936909598,60.75397940516953,53.41552229471135,49.60766746476132,60.75397940516953
14,3.110496187582612,104.1866259059591,14.251476805812262,3.190575460879692,4.254185414315952,3.0709145040384414,-3.3875264929029645,-0.4384259957337313,66.47635793404945,49.599254346512126,52.54835484368136,66.47635793404945
14,9.45739162620157,103.02913655969985,13.765600769996812,9.24571354143429,4.254185414315952,-0.08376536024458038,-10.019509332839824,-1.7120512993328412,70.82220366148324,50.583546032918015,58.891004066425,70.82220366148324
14,5.000250923912972,99.80505186352984,6.46384277829862,3.9293833819647928,4.254185414315952,-2.390804046847275,-7.639430787824475,-1.01251446420017,62.844187662517236,47.61505573518705,54.24197205881135,62.844187662517236
14,1.3523049908690155,98.63702490883765,12.287653157712528,2.077389763387857,4.254185414315952,2.156386923878674,-1.7176951131034672,-1.7969741082940056,62.89704081812121,49.15925629025531,49.079977295064765,62.89704081812121
14,8.692578205373138,120.47547047978262,15.039766250303607,8.486078050701774,4.254185414315952,1.5759420221266753,-15.433726135132552,-1.075200229536278,73.30876833086867,44.25155312563117,58.61007903122744,73.30876833086867
14,2.0504961209371686,113.6219585332475,11.657367843957866,1.705679395443032,4.254185414315952,2.4462250597731074,-2.1240925195727525,-1.234478279137508,65.52320167253842,49.5906882398678,50.48030248030305,65.52320167253842
14,9.250458909664303,90.85167742897141,10.6837100013641,8.998471321626665,4.254185414315952,0.5116393926620016,14.516153172737482,-0.8511670007782339,69.95154324147227,74.8708892786506,59.503569105134886,69.95154324147227
14,8.86753598228097,120.94655831829178,11.691410795827224,9.29752096702773,4.254185414315952,-2.5129756143649695,-48.238389837560824,0.4745290143963541,69.47690881051733,11.656838755492295,60.36975760744947,69.47690881051733
14,1.3629582524299622,102.17197559962669,7.233921367326593,1.6612341940308775,4.254185414315952,-4.456188539753784,-0.01933544514580191,-1.2631481840100867,56.6507443374408,50.87039987208611,49.626587133221825,56.6507443374408
14,7.853494421578944,90.39089842607046,9.723405817436793,8.382128742999697,4.254185414315952,3.301668887546418,23.433438074787958,7.116811389355867,71.01913745036414,82.11181679499865,65.79519010956656,71.01913745036414
14,4.53303414164111,102.54703389337801,11.825488934374922,4.644821798164042,4.254185414315952,2.805742149408396,-7.3280883024484105,-1.5132157746572001,67.7542719230315,47.36573808183688,53.18061060962809,67.7542719230315
14,1.3574241939932108,97.64218768868733,13.670653441288405,1.3114216957739366,4.254185414315952,0.11605131417781292,0.9861988681441431,0.7322536577306991,60.76336453015435,51.86929331525195,51.61534810483851,60.76336453015435
14,8.852210368495435,101.51409391819156,12.42422173638301,8.752116533466292,4.254185414315952,-7.1845800749830975,-26.407814413772147,-0.705755547444755,62.84366717334654,33.46902344273833,59.171082309065724,62.84366717334654
14,3.3671354013495147,85.3990876877758,13.28269260280911,2.744265681461024,4.254185414315952,-0.2888401726816034,-1.0934674263472577,-0.08619459431733922,61.54581649203135,52.20128046958811,53.20855330161803,61.54581649203135
14,3.192741151433438,87.702620871202015,9.935798064428205,3.296579337570474,4.254185414315952,2.4571391347700278,0.5783898330383468,5.548179443813679,64.31287601792631,53.663864629074425,58.63365423984976,64.31287601792631
14,4.037828147411346,120.4437845353814,14.971541307506207,3.9028783963952476,4.254185414315952,-1.4745456232406315,4.489096221258209,-1.647317308468962,64.66941202150709,58.58867541246778,52.45226188274061,64.66941202150709
14,4.790773070417345,114.42056395796918,14.380952494555817,4.63758700239697,4.254185414315952,0.9349688320660836,1.3799727170977945,1.506538568773739,67.38013832667977,56.38308581591456,56.50965166759051,67.38013832667977
14,3.679018202237785,86.74413288398328,13.234453462952871,4.100095106517598,4.254185414315952,-3.1125498979081145,-2.932333237971475,-1.7229450399816733,59.23087064749151,50.73667401902982,51.94606221701962,59.23087064749151
15,4.656905676238239,86.49861826845517,11.654123351068257,5.141391065653756,-2.2608106422836114,1.5407870502975578,4.2222040588107275,-0.29104543092438173,58.518125046345354,52.549680228013,48.03643073827789,58.518125046345354
15,0.49892152892425656,125.84999699195245,13.72316088151395,1.480399477812989,-2.2608106422836114,-3.9944771999289967,-2.7117986121894333,-1.7670133952258789,51.92841769169175,40.626096580236066,41.57088179719962,51.92841769169175
15,1.8735671159811318,128.635632431934,10.759828150911119,2.0595380506828334,-2.2608106422836114,-1.655347851246981,1.787796215445321,-1.5695479525657077,56.19568528884017,46.77526611233907,43.41792194432804,56.19568528884017
15,9.826594137120992,88.34288206217104,10.24357390546319,9.788654213819793,-2.2608106422836114,3.707024908799368,-31.009684625095513,-1.4693238065439496,67.07241543727805,23.52141769716607,53.061778515717634,67.07241543727805
15,3.2827406958676875,80.4654210608034,7.5428097062475885,2.9194081062068173,-2.2608106422836114,-0.6665104625895991,-4.227732694814808,-1.8475761926895613,54.058509836248355,42.450745497942805,44.83090200006806,54.058509836248355
15,1.709963905159384,139.3524275022802,12.386526450535005,1.696629263841988,-2.2608106422836114,4.2628825739748315,0.2503719282802945,-1.2880621057463757,62.98927136811051,45.04151797218795,43.503083938161275,62.98927136811051
15,4.88254894502461,103.44443371520211,7.3746865661193866,5.570787843587027,-2.2608106422836114,1.0961105999950085,-12.291179086793012,-1.7324782676991861,60.038802063261144,36.30706900495291,46.86576982404674,60.038802063261144
15,0.18687411677092314,102.80124838212828,11.951332415728539,0.09237346730656999,-2.2608106422836114,3.6955358691960116,-1.0927268990669945,-1.921748027426244,56.93909900525034,41.8707113987745,41.04169027041525,56.93909900525034
15,3.3948508370667696,101.1420495242542,12.882681178478105,4.078330293596998,-2.2608106422836114,-0.19963128962815155,-3.105091215679644,-1.1099727568884976,56.72758402499379,43.70791914651687,45.70303760530802,56.72758402499379
15,0.29663375578820705,121.07290279481998,13.579153507539136,0.2075310359699714,-2.2608106422836114,2.04317902434638,-1.8092211684592785,0.30145162489296395,57.24561916849062,41.28592869620296,43.3966014895552,57.24561916849062
15,8.672286630608141,97.12416646995524,14.043639253365447,8.756418703857294,-2.2608106422836114,1.5997890038378209,3.994578211008024,-1.6904457850474728,64.4581389652795,57.14051152545419,51.45548752939869,64.4581389652795
15,7.317075997125357,121.89088246234137,13.230522319074193,8.309444150668911,-2.2608106422836114,-1.1442207278141348,1.4470271109737034,-1.456542793338621,62.56454807268682,52.96670766524052,50.0631377609282,62.56454807268682
15,3.1526079680770636,96.69016823298189,10.280844287662818,3.1634739050320366,-2.2608106422836114,4.788076295822936,1.8760529305668843,-0.7000254090900302,60.97941203853,48.39837184997575,45.822293510318836,60.97941203853
15,3.864540117792785,107.57718829409711,13.781497952737952,3.2834580484113682,-2.2608106422836114,2.6715234164749138,7.522458873088393,-1.2166656325997938,60.80587974495236,54.89909637215612,46.15997186646794,60.80587974495236
15,3.324459905270487,84.49754490890682,12.126549494974807,3.0550027823037085,-2.2608106422836114,-2.473710307644629,-0.5851508477608577,-1.3261893017857531,52.70458542728703,46.14339039628012,45.40235194225522,52.70458542728703
15,0.897779711522162,102.5571020718883,8.270677888880057,0.4750131776300215,-2.2608106422836114,3.5677439439548495,3.7167310036206107,2.472894162840781,57.639979162686664,47.533256015163595,46.28941917438377,57.639979162686664
15,7.570556025020778,118.01002241337889,11.7737262981536,7.606490764663979,-2.2608106422836114,-1.438604601545688,-26.687949479204082,3.291307840518364,62.18625422753353,25.135907108537243,55.11516442825969,62.18625422753353
15,6.0296849720180035,97.54891127851396,8.43322724824968,5.800769170887399,-2.2608106422836114,-7.85413807227761,-14.968381912583283,-1.1317721927923676,51.875564379711776,35.00642941155471,48.84303913134563,51.875564379711776
15,1.4539997256360948,119.23713794683957,9.893019118552676,1.6052155010987552,-2.2608106422836114,-0.6655412218109424,-2.1609571326051804,0.10758136215272818,55.74216160135272,42.32303189587452,44.591570390632434,55.74216160135272
15,0.32517483457922935,140.90794581866902,10.761290645390671,0.9747034397287244,-2.2608106422836114,-2.77991272651805,-0.43124147503113724,-1.20922398938036,54.44028101456032,42.69815768418033,41.920175169831104,54.44028101456032
16,4.837681415956467,114.12886325996386,10.826122846961722,4.447163991151762,3.7763719957555426,-1.223421024824106,-0.5340579479388113,-0.741209916210557,64.77105499607559,54.04753174696449,53.84037977869274,64.77105499607559
16,4.445695278700441,96.27078944080662,13.853951463887178,4.042345479602162,3.7763719957555426,-1.806888777927431,8.591623685486919,-1.464292476963957,61.9313964963493,62.70283001568299,52.646913853232114,61.9313964963493
16,0.6038558995351195,101.44718289559728,11.869188309324999,0.5012960945868132,3.7763719957555426,-7.331573221429901,-0.7886708935363969,-1.5992828447694991,52.31414414332751,48.712328181661285,47.901716230428185,52.31414414332751
16,3.2750602206215262,93.49103588047392,10.125776482449671,3.628186916586337,3.7763719957555426,-1.508885324795541,3.793696934242271,4.3068120887411085,60.54666252375322,56.50014119474364,57.01325634924248,60.54666252375322
16,8.784290472976863,132.68001801177348,10.73228113247717,8.934701322378336,3.7763719957555426,2.888611087657273,3.7683606542611483,2.504854572450114,75.47413345216239,63.08588121758893,61.82237513577789,75.47413345216239
16,9.30604886263609,55.618305713048144,10.849551427969864,9.347829218017544,3.7763719957555426,-5.05476051983184,23.078651588439783,-0.016054302602087178,60.45070068239183,83.02228221935863,59.92757632831676,60.45070068239183
16,3.9217845699749887,101.21332358798671,12.37644208351867,4.5504843410748155,3.7763719957555426,4.351826298372804,5.027663549810761,-1.8617437989060424,67.955672136897,58.51017702953629,51.620769680819485,67.955672136897
16,1.5884677483700216,101.65206706925832,13.079311948925863,1.4810113490947636,3.7763719957555426,4.588550673614936,-4.114043599231927,-1.4217931248808258,65.43629067434033,46.56848969456764,49.26074016891874,65.43629067434033
16,3.19947601063177,103.20172489468979,11.158231860685976,3.9388847650648824,3.7763719957555426,-2.8410617601905894,2.255015628711724,-1.7076830645161771,60.09485393779205,54.87075883722539,50.90806014399749,60.09485393779205
16,3.069656202569604,76.63270581051518,11.32106688004583,2.46541761446471,3.7763719957555426,6.883974775521437,-1.5595923736391122,0.23673467756952538,67.00720479541202,50.90036706519995,52.69669411640859,67.00720479541202
16,1.078112544491887,103.24317319386637,13.03616077672651,1.1905370359695036,3.7763719957555426,-3.298245057542762,-0.9099178490182779,0.07139049022799182,57.096179310989676,49.160189200127526,50.141497539373795,57.096179310989676
16,9.793343034107238,102.8149572553966,10.261224757973551,10.155060420235253,3.7763719957555426,0.4310129301084683,-33.57313091015019,-1.460191704913511,71.24089229233235,26.955252726534034,59.06819193177071,71.24089229233235
16,4.969034281093627,118.879331878204,11.678658171690348,5.424497252144823,3.7763719957555426,-1.1832970447165847,-2.2021122247269176,1.566493276046091,65.44384927617172,52.537100908340975,56.30570640911398,65.44384927617172
16,0.9307467192411423,107.85276671363447,11.714766426789918,0.3498114617642113,3.7763719957555426,3.778459835398024,-2.5233744029397958,0.9086498564344347,64.45700456560638,47.369893655905116,50.80191791527935,64.45700456560638
16,2.117736581712961,116.73181416219938,10.469578064311591,1.8671952530961151,3.7763719957555426,-3.760483796040784,-2.1446342808516556,-1.597520272001528,59.23035351399025,49.17302161295944,49.72013562180957,59.23035351399025
16,9.305007462389767,85.63746636744295,10.68039885736597,8.532177231999004,3.7763719957555426,-1.3858637337503774,0.18016245920114035,-0.9899751384014559,67.12026385361717,60.1225434098244,58.952405812221805,67.12026385361717
16,2.968464067671448,98.13391630216852,11.385189119173116,2.872839431546806,3.7763719957555426,-4.465331673140469,-0.8391971032133275,-0.9994955256967044,57.686588834037664,51.49933177374795,51.339033351264575,57.686588834037664
16,6.532182488590479,102.87606743574952,10.236145099587965,6.332073888417095,3.7763719957555426,2.5146436985670624,7.710528550425588,-1.388619396205982,69.41724142420613,64.32551953248971,55.22637158585813,69.41724142420613
16,9.010704779066145,104.0832587590502,11.809309682503148,9.40569347121379,3.7763719957555426,1.7171253958324497,-53.95699366029116,-1.5048451507556964,71.71466900237239,5.632224070343753,58.084372579879215,71.71466900237239
16,9.907957932446152,89.59278304490118,9.44806125385179,10.074126423343134,3.7763719957555426,-0.3873225244465315,27.092720745943517,-0.3204763657900733,69.2378772947345,87.75864226063445,60.34544514890085,69.2378772947345
17,4.3033322133123875,122.187578812782,12.751169967929613,4.184885685651476,3.892395745403992,-2.4119660202672546,2.304642420989372,2.8385687789813208,63.8631862623898,56.361036822368234,56.89496318036018,63.8631862623898
17,3.9377692225389183,90.82349467535843,11.06153925480729,4.4826579182371376,3.892395745403992,-2.9197771685016747,-5.82348157853101,-0.408984558340046,59.780291111484864,47.79423723391969,53.20873425411065,59.780291111484864
17,1.4190889545716345,75.78535038460974,13.59786640723842,1.361370369884142,3.892395745403992,0.2750014703993089,-1.0512447217175946,0.9896917607879796,58.448838999750244,49.54405776917236,51.584994251677934,58.448838999750244
17,2.79806696344167,106.03735165886006,12.85257639851743,3.3243581136594607,3.892395745403992,-4.195665985056509,-1.0551702689299645,-1.6052658199622278,58.6581452823635,51.194905832604036,50.64481028157177,58.6581452823635
17,5.6482222257182,109.96833170934227,10.975735973612988,5.914866532296247,3.892395745403992,6.171851099554527,-0.31870395275039665,-1.6088544200488444,72.83894668675458,55.35155846351544,54.06140799621699,72.83894668675458
17,9.35139505425468,114.16190606492405,11.304968926048534,9.615940564651796,3.892395745403992,-3.305958723494773,-29.268050976765384,-0.2898854305271945,68.22430169350724,30.84601883374423,59.82418437998242,68.22430169350724
17,3.5840014507994056,85.80608803437568,13.218785492773947,3.9466895998317844,3.892395745403992,-0.22236219902903942,-4.845907272482342,-1.58781063427644,61.55144409077181,48.34729021388094,51.605386852086845,61.55144409077181
17,8.420071809086949,96.27567326141656,13.470928636073399,8.171832025369193,3.892395745403992,-1.7997921161927286,34.888706231964584,-0.7126702350079399,66.82425712625725,93.88518814827292,58.28381168130039,66.82425712625725
17,7.224092143587768,80.07345297191384,12.953417121346646,6.659461628857111,3.892395745403992,-0.7778326278460894,-12.219131754167778,-1.648217449963079,64.7908189870546,45.34217456354154,55.91308886774624,64.7908189870546
17,7.507359893061221,112.67145613148375,12.656571533563906,7.831457607818017,3.892395745403992,-0.24013562635611915,-12.133340286008089,-1.3011611705901038,68.9282376038697,45.767887331069375,56.600066446487354,68.9282376038697
17,9.2398845218122,105.21545098657971,8.437465049492761,8.719485320514854,3.892395745403992,1.6231890545896637,1.0407844924055343,-1.6637680751854496,72.12499132482625,61.02104166398417,58.316489096393184,72.12499132482625
17,0.02378106815740466,113.7064387964666,12.238792842690797,-0.33766365255803205,3.892395745403992,-2.4816021025134476,1.5234200635030222,-1.1246221013411133,57.809974804326096,50.444353090695905,47.79631092585177,57.809974804326096
17,1.6042991494759917,109.12411830071022,9.163409255966963,1.5168017636164572,3.892395745403992,-2.914177372447862,-2.1713986391211644,-1.4358404691194304,58.81578918239835,48.64615608565402,49.38171425565575,58.81578918239835
17,3.99272951297462,90.8867801829327,12.152068755307754,4.218564711846989,3.892395745403992,2.3636854815693686,1.2538903211651196,1.688513403912576,65.13603466083617,54.93756148213866,55.37218456488611,65.13603466083617
17,6.753195773344487,102.69487106307766,10.678333515578299,6.99689833005312,3.892395745403992,6.034757369034184,13.219327569227548,-0.3016935049019509,73.30047514875932,70.21555824264493,56.69453716851543,73.30047514875932
17,4.803720163181424,71.37385870873935,11.788987907883062,4.069311815666359,3.892395745403992,2.1573545838577637,0.899835825127263,-0.9250459769247745,63.951600395953406,55.556695766348966,53.73181396429693,63.951600395953406
17,5.33828780753538,107.54419386533642,9.63982822482615,5.435946451402606,3.892395745403992,1.3333329669834166,-1.431166365668538,-1.5556984783450756,67.3860934679635,53.86717474877791,53.74264263610137,67.3860934679635
17,3.1695015728473663,114.53348730217749,11.671281627074526,2.460956839317405,3.892395745403992,0.5666073271578148,1.2019569986768361,-0.1436276287950391,64.7157536901964,53.89775463149767,52.5521700040258,64.7157536901964
17,8.147575901821256,86.86394311340008,15.0388815486352,9.04782000960197,3.892395745403992,0.23157510667772008,1.9300690494214494,-0.35812701147472836,67.58745624560723,60.59955587701095,58.31135981611477,67.58745624560723
17,2.9221952124498785,67.95963191952993,15.650330156347291,2.544991670932779,3.892395745403992,-5.786367365788959,-3.326972423485609,-1.444477628074533,53.40862582650788,49.07205757685824,50.95455237226932,53.40862582650788
18,4.091320913285017,77.1575862762248,7.022720299692936,4.766076695763495,-0.06866428044263079,1.717190681073225,1.4526999455102323,3.54225014826603,59.27387012419509,51.29362076100962,53.383170963765416,59.27387012419509
18,0.909183076582849,83.30322688170894,8.691355499220533,0.7736583060095064,-0.06866428044263079,-1.5122765105905445,-1.6401448889525367,0.022099657259567085,52.840401589037135,44.38221052250425,46.04445506871635,52.840401589037135
18,7.985966380219907,118.61475843303845,9.158289437256167,8.234251816828772,-0.06866428044263079,0.8948254924973817,32.5712521946896,1.3166532916244769,67.27079671162248,87.08574757051085,55.83114866744573,67.27079671162248
18,3.597852496895939,100.05222902594485,9.44740686749632,3.2767640621529797,-0.06866428044263079,4.5080956263608485,-3.5859967622795814,-1.4346711335741573,63.762077244787825,45.662761953552916,47.81408758225834,63.762077244787825
18,0.40487576741725206,81.433081210104,16.15820159874511,0.45151332069279343,-0.06866428044263079,-0.41569339527174554,2.662600292583849,1.1568366262574712,53.144801366196724,48.079786933041916,46.57402326671554,53.144801366196724
18,0.41086339857429266,108.33548678347037,14.031072041364578,0.6540903554102052,-0.06866428044263079,1.7431695339437947,0.716102335088722,-1.0042649933716632,58.00109001013735,46.14047413293524,44.420106804474855,58.00109001013735
18,9.544342383742332,67.25275975960153,11.780774367649922,10.155519117924488,-0.06866428044263079,-2.13032272298923,16.98283276456558,-1.1926665795819722,60.97949983301909,73.36737934461374,55.19188000046619,60.97949983301909
18,3.733412448782474,96.29463314354128,13.963037762058626,3.4825820512153176,-0.06866428044263079,4.221200501282565,0.052461326066482045,-1.5762279280075753,63.26209447373303,49.46389198416282,47.83520273008876,63.26209447373303
18,8.064196675550193,116.69285391379668,16.522694413621245,7.4384899771586,-0.06866428044263079,4.285605286030891,-24.161251756610174,-1.8588442196256696,70.56326240762816,30.447119973607425,52.74952751059193,70.56326240762816
18,9.100590089801699,94.87490144486371,13.274179847607122,8.610357290272344,-0.06866428044263079,2.317325349096512,-0.9060770240609396,-1.5961976477584965,67.65685932090229,54.945966803258464,54.25584617956091,67.65685932090229
18,4.4007621286436915,119.581575132116,15.551073085693982,4.451148994689337,-0.06866428044263079,2.393175067695127,-1.1665437079124368,-1.1842525009403269,64.56358285483653,49.04570656601736,49.02799777298947,64.56358285483653
18,5.763365030288696,126.9298580716119,9.704996905060394,5.867097358714537,-0.06866428044263079,0.8897709260036899,19.022970282798664,1.7086560496479322,65.43013048906869,70.87034403870247,53.55602980555174,65.43013048906869
18,0.7366779516451061,82.48247158789829,9.84135481249091,0.6265633481120947,-0.06866428044263079,1.1318835335948734,0.6965625645610285,-0.4612366416921809,55.1954799539162,46.51191182609252,45.35411261983931,55.1954799539162
18,1.6462739440612495,82.71568562526974,14.135899717584854,1.6661808302651038,-0.06866428044263079,1.5017581097793187,-0.25935041179774154,-0.7624524957652419,56.680191124737156,46.647514040633126,46.14441195666562,56.680191124737156
18,7.398907758761197,86.28316795981526,13.78350638272852,7.2746286687809025,-0.06866428044263079,-0.5104333813340997,1.0924870764674393,-0.7914511538989297,61.92790844471823,54.902512106538246,53.01857387617187,61.92790844471823
18,4.75711012724787,107.93092048800445,13.740193019879417,4.588535948095763,-0.06866428044263079,-1.654001877451575,12.014034821900218,-0.551025424113992,59.77895804360368,62.65390269415503,50.08884244814082,59.77895804360368
18,6.855209532659501,112.52618390572873,12.971524929737122,7.753692650704649,-0.06866428044263079,-0.9107608482923257,-18.544663641956195,-0.7776380187905587,63.49944470102932,34.61292351679258,52.37994913995821,63.49944470102932
18,9.515149428043514,118.13705461137296,11.057812614307897,9.549812377240512,-0.06866428044263079,1.588587717632409,-2.3215127004573355,-1.599092730303127,69.75180821197928,54.02800233275225,54.75042230290646,69.75180821197928
18,4.9746448756195605,119.49208818041222,13.899259987641091,5.464050425809777,-0.06866428044263079,-1.1565887166925843,0.9386416565848655,2.969181871474193,61.69352967164948,51.8395512268857,53.87009144177503,61.69352967164948
18,4.705006266012788,116.1359845631484,15.69545518258414,5.75229939397747,-0.06866428044263079,-5.779150161308118,1.6288749739083073,-1.2595766617072734,56.411791533779436,52.20621821268102,49.31776657706544,56.411791533779436
19,5.601919500622898,114.09701535271446,14.480814857741464,5.071767109721327,-1.4397094034756235,2.2180306338138087,10.497419186675586,4.220375028369441,63.91032616635711,60.78001318394744,54.50296902564129,63.91032616635711
19,6.525101205334067,102.45062040110149,9.238371563297518,6.469997676464204,-1.4397094034756235,0.7069636222220665,-7.421831427019633,-1.7120752490067979,62.342437705257474,43.96858061590562,49.67833679391846,62.342437705257474
19,2.7957349875941873,86.67792162039413,12.949353754582964,2.7946673937920314,-1.4397094034756235,-2.028411070753321,-6.443712204248029,-1.4320800605295654,53.55455367292349,40.47146037738937,45.483092521107835,53.55455367292349
19,9.799075894989073,89.10758525865474,12.02469271597539,10.281439675062828,-1.4397094034756235,-0.7031903916223028,-16.54124241729472,-1.6709244518532889,63.526749804754445,38.777939253216545,53.648257218657974,63.526749804754445
19,6.4386410801671445,106.11395508420608,12.174199874571453,6.307261449887935,-1.4397094034756235,1.2143777587358247,-7.9415288325927405,-0.9353234512054523,63.11243315988138,43.34513106013221,50.35133644151949,63.11243315988138
19,5.825784357730299,125.2530450887769,11.635263612473349,5.951498584654129,-1.4397094034756235,4.93585202725291,-15.636888603576685,-1.0028138754353333,68.01238836193134,34.91434322222405,49.5484179503654,68.01238836193134
19,6.158710259478539,125.58969735346919,9.468659468349367,6.231296360960154,-1.4397094034756235,3.2132216059161465,1.7831575428226794,0.07126212454137781,66.72293424916168,52.7339004507213,51.02200503244,66.72293424916168
19,9.251402944792062,71.10749948760878,12.662567825881478,9.401316581606778,-1.4397094034756235,-1.818919801118899,3.461317205210784,0.11506956774980259,59.953804277916824,58.12329133548563,54.77704369802465,59.953804277916824
19,3.900228952988982,87.49002977157303,14.703457261973291,3.6432188739159472,-1.4397094034756235,7.396316873423599,-4.180648621877907,-0.8113399781787889,64.38588519069205,44.05991671823325,47.42922536193237,64.38588519069205
19,2.879196850117296,121.28698774499784,15.273131472525378,3.909378177575259,-1.4397094034756235,3.8912203735910014,6.953949128380188,3.9207361754557075,63.035245964755916,53.96927594504532,50.93606299212084,63.035245964755916
19,0.9073596470989287,84.03835427471142,12.959864457705374,0.4510834422100317,-1.4397094034756235,1.466730151120315,2.7433250945179593,0.280455667459939,54.51968775163455,47.392447267561046,44.92957784050303,54.51968775163455
19,3.220339040271938,75.79633791279329,10.527368177484284,3.0964401910696115,-1.4397094034756235,1.1386830480135233,-2.24041744027747,-1.6650762680699438,56.143014284143554,45.18428000457323,45.759621176780755,56.143014284143554
19,7.582701125647873,108.99716633046141,10.833966761172798,7.749198344524876,-1.4397094034756235,-1.4846984390106281,19.660601767543017,-0.711500352915621,62.07455014133733,72.32013371484484,51.9480315943862,62.07455014133733
19,1.0441292962059379,125.99447058080577,10.777136036097229,1.2167415244861337,-1.4397094034756235,1.6261964594385687,-2.278781455888521,0.9055640186071507,59.038889269490646,42.53446429608298,45.71880977057865,59.038889269490646
19,7.10277852602303,129.017568436866,13.206700087221783,6.635123763609389,-1.4397094034756235,1.9946146113825312,1.83713760684492,-1.2972393883043074,66.97999628282115,53.92076243459693,50.786385439447706,66.97999628282115
19,9.66477383626625,107.9923086350619,11.528473321285379,9.604704879717083,-1.4397094034756235,-0.3656781252314857,68.19941513757689,-1.6714681958184003,65.5915719383186,123.35743433762076,53.486551004225475,65.5915719383186
19,2.014912262093276,110.79498634029677,17.808432183246772,1.4552634148747343,-1.4397094034756235,1.385690714184609,2.3473034697412607,3.0689264245562464,58.443374659250594,48.32548878077757,49.04711173559255,58.443374659250594
19,1.0848865448497236,108.40140078632776,11.463417441369167,1.451822230322946,-1.4397094034756235,-2.5909574086811284,-0.7613944356342333,-1.2632769166837674,53.111337120295694,44.10076001470981,43.59887753366028,53.111337120295694
19,0.5540217878296971,99.72869602510049,12.296185696806083,0.18617156955975028,-1.4397094034756235,3.516284628176062,-3.711599720100383,-1.4152925544823618,57.71427097260612,40.51351702181963,42.80982418743765,57.71427097260612
19,8.297235150821507,49.423913761742284,11.586410034329433,7.846757726166452,-1.4397094034756235,-0.26954474816884577,13.602453661084779,-1.0648398040782874,58.189819405515564,67.11942643859496,52.452132973431894,58.189819405515564
20,5.811977565754205,111.41054867139633,10.714879723096905,5.809643550209645,-0.76073714211008725,-5.483651947644681,-6.76374431998239,-1.2361944572357833,56.87103885628991,44.449891616812565,49.977441479559175,56.87103885628991
20,4.7009237529709935,94.13159721635185,13.695143647769136,4.198470560338585,-0.76073714211008725,-1.3656176770574469,9.550885527866948,0.49413170125787587,57.92791340603284,59.43125688932205,50.37450306271298,57.92791340603284
20,3.6501412000507116,115.14851835717775,10.944855747198691,3.7352577896608756,-0.76073714211008725,0.8170179516182314,5.370454685001043,-0.22139422497637828,60.95130208528678,53.98988698295181,48.39803807297439,60.95130208528678
20,2.801246272865683,90.59540279389375,12.004741514216263,2.578998421077812,-0.76073714211008725,1.822832743451382,1.1123262153760178,2.4984637513305152,58.483131408169484,48.71308460070475,50.09922213665925,58.483131408169484
20,5.997158549726009,75.48133945747203,11.436239532897435,5.745834514108621,-0.76073714211008725,-3.46730880972696,12.209531699850633,-1.0651653311672278,55.51667825358137,63.64538481741175,50.370687786393894,55.51667825358137
20,8.18569612922147,118.67863978045725,6.343050695225405,7.547695547859862,-0.76073714211008725,0.17086099723627415,-27.72247800515943,-0.7545661667261281,66.10082318823768,26.339620207796244,53.30753204622955,66.10082318823768
20,0.9783228044398129,102.72066169833106,13.301860632655396,-0.012257393369212277,-0.76073714211008725,-0.3027432018598082,4.1479744716197295,-1.4059038695096135,55.38257319119099,49.56122469483742,44.00734635370807,55.38257319119099
20,9.6368952607736,152.429563959784,12.315518342226667,10.081013425472339,-0.76073714211008725,-1.429170614581873,47.9876482400108,0.2035896323163311,69.61732295221475,103.79118541082903,56.00712680313456,69.61732295221475
20,1.6873644338920712,113.7338786999037,10.293125954669263,2.3915714717224805,-0.76073714211008725,-2.850154723224258,2.8345732815036593,-1.682284659756532,54.78733332532651,49.098673460064056,44.581815518803865,54.78733332532651
20,0.8608340588398278,115.72759776139365,14.726200171948141,1.3634339574394052,-0.76073714211008725,-4.077766033446528,0.864522385572609,-0.9430397989590469,52.76725747119054,46.13678611407031,44.32922392953866,52.76725747119054
20,8.6121069570072,111.45737405402284,9.474207657657688,8.579493397799343,-0.76073714211008725,0.6823024745620272,-16.878005231332818,-0.33472004007596445,66.40183108626286,37.69578597496573,54.23907116622259,66.40183108626286
20,5.247906020376831,90.94918934710901,8.444106908558524,5.306814654242252,-0.76073714211008725,-3.3260789418658483,-3.263257539466436,0.42482711681568897,56.30559007518717,47.27349254287567,50.9615771991578,56.30559007518717
20,6.568108752835542,94.44355505945836,10.626160709848882,6.709947776652492,-0.76073714211008725,-2.3761929884531243,-4.222225587728833,-1.4651239292280667,59.18915587878527,47.89876777356373,50.6558694320645,59.18915587878527
20,2.2951937280595303,115.8973890750047,9.631328955413485,2.1603372867151176,-0.76073714211008725,2.3274905428360255,3.714910426929747,-1.266585928524834,60.91072478189784,50.7084057584911,45.726909403036515,60.91072478189784
20,7.212260314263403,115.82665794759083,13.579354603455295,7.409321894925996,-0.76073714211008725,-1.5450495175892036,-24.973663059409343,-1.383081069954956,62.93159151217587,27.920312175596653,51.51089416505104,62.93159151217587
20,4.90750394994393,108.74458241680479,12.171927541900537,5.239450667377479,-0.76073714211008725,0.9305908450009639,-1.9772247938730274,0.38441729182360684,61.93331668450407,48.1510428039496,50.51268488964624,61.93331668450407
20,9.652555924840271,85.20148846690691,11.259877114841194,10.031600540681556,-0.76073714211008725,3.080666289241095,16.83011400689675,0.6210433725783442,67.42314510363002,72.65244397459499,56.44337334027658,67.42314510363002
20,9.069424804765731,125.26932717615972,12.018672734086154,9.535596338552141,-0.76073714211008725,0.6229354277619357,-41.47376663024341,-1.2687063565097176,68.2724407689867,13.648805993365379,53.85386626709907,68.2724407689867
20,5.512505278456956,79.49738431476055,10.097880816654353,5.344038731940785,-0.76073714211008725,0.23351800287549887,-3.9359813991984818,-1.4504383986389389,59.037525626389815,46.91828779283978,49.40383079339932,59.037525626389815
20,0.7559909950941801,93.5017847708333,12.36343542279561,0.8898320976689758,-0.76073714211008725,-1.8044192657405032,2.8472689115104917,-1.2137565744365522,52.692211263345754,47.99372096351342,43.93269547756638,202.69221126334577
21,0.22700011264532804,134.87587740572695,12.380679688065714,0.1845110506560589,-7.51021237707748,-2.293505836330514,0.26892124564111053,-1.788906769506467,48.956269662339096,38.031109003738024,35.973280988590446,198.95626966233908
21,5.132395278196782,107.86183271726638,11.856522461203761,4.617560683709525,-7.51021237707748,-2.5956145186386124,7.313769721804644,-1.776634434037716,51.83923070984669,50.962431678563306,41.87202752272094,51.83923070984669
21,6.307261516340077,114.56100124612885,11.99429657989881,5.944037572320096,-7.51021237707748,1.064058467047781,-0.7288021271529073,-1.7158660671410466,57.57866003419128,44.3296993153777,43.34263537538956,57.57866003419128
21,4.187716243322939,105.65460095728922,9.783562076175047,4.074141943851338,-7.51021237707748,-5.586444592115982,4.450751687774179,1.7241192420718987,47.49406261852299,46.965798802684226,44.23916635698195,47.49406261852299
21,8.792659451719373,85.06099905186765,13.870383534747189,8.899296435079046,-7.51021237707748,1.2587064884624353,12.447968438526843,0.6432712753126604,57.80578535863498,60.48894740351261,48.68425024029843,57.80578535863498
21,1.0798707301728427,91.03775630427933,9.028321096525342,1.5695984537557546,-7.51021237707748,-3.5308009726247,2.1010660820118017,-1.5871606016924646,44.35860715693316,40.88669858114174,37.198471897437464,44.35860715693316
21,9.80278696399182,102.47877134620228,16.457083796853016,10.131397174722112,-7.51021237707748,0.513520346575393,0.9671222633885589,0.24632435561243216,60.01452946090832,50.220254243101266,49.499456335325135,60.01452946090832
21,2.6496663130819798,56.07284232133649,15.248270445075592,2.1505595961771733,-7.51021237707748,3.7982075322261775,-3.052875297996132,-1.1969739829198565,50.074878962980726,37.616511900624765,39.47241321570104,50.074878962980726
21,0.8427752321586013,87.28128660132177,13.03952925050667,1.0832852377019466,-7.51021237707748,1.5456838166389022,-2.503966676859836,-0.2965545647656731,48.77493037828392,35.99715122465301,38.20456333674717,48.77493037828392
21,3.8590717571787536,111.97876768335169,9.295942726476003,3.495570870727133,-7.51021237707748,-0.8164505260068655,3.321934160930178,2.3271901422398704,52.50209997386533,45.4426078924672,44.447863873776896,52.50209997386533
21,1.2489582714624703,95.52316018052171,12.852247655257681,1.6090962265613888,-7.51021237707748,0.9442986534284926,-0.8665272551053941,-0.6231841389039305,49.48515222015815,38.12201029357209,38.365353409773554,49.48515222015815
21,5.815542216878384,95.74582934581943,8.673624829586654,5.433993611299947,-7.51021237707748,-4.9700525247486524,-6.665698180236227,0.6727387758660257,49.07296869300987,37.802740102940355,45.141177059042604,49.07296869300987
21,2.401496081147343,113.04278959973146,11.460112756338,1.9051393953821807,-7.51021237707748,-1.6579858649575958,1.9399813707149298,0.6241293789482316,50.01787601531488,42.311564291014264,40.995712299247565,50.01787601531488
21,7.218878886196762,91.83467072951535,13.581581919547755,7.251498924517452,-7.51021237707748,-0.8059994161273007,5.096616882913854,2.5969614563730756,54.52990994318287,51.24905916927249,48.74940374273171,54.52990994318287
21,1.4592869067564607,109.43204853066405,13.681217277545997,1.1340561421765543,-7.51021237707748,-8.042676095262326,-2.4981078083428607,1.2511897312070979,42.141460668834355,36.742824102687415,40.49212164223737,42.141460668834355
21,1.5283877030014992,78.66498313081914,12.065938969700928,1.9543015665222252,-7.51021237707748,5.295205655557828,-3.7058156540512064,1.5891546373615653,52.48555683516406,35.61803721247311,40.913007503885886,52.48555683516406
21,2.5922267022542655,81.58731049998575,11.523672492302909,2.1726190148558873,-7.51021237707748,0.9856639466299936,-4.400544231561674,-1.3997131395862055,49.74485466225621,36.199915434065964,39.200746526041435,49.74485466225621
21,7.778862600680441,74.88841726383353,12.527104572301635,7.985266330747406,-7.51021237707748,3.14402129068152,23.500263289980683,-1.1698093174957518,57.45728576080393,70.32468603371973,45.654613426243294,57.45728576080393
21,4.264662996865809,101.26597723367318,8.816429651869576,4.658961790633154,-7.51021237707748,-0.06229365551178041,2.265204362876741,0.38663044610983754,52.67168728701703,44.872587582038236,42.99401366527133,52.67168728701703
21,0.6004833616316319,96.90811504044399,11.24752986230613,0.459820570438808,-7.51021237707748,1.4515010481777255,-0.4709375199321468,-1.1000582634123164,49.3526802091026,37.73943013694833,37.110309393468164,49.3526802091026
22,1.1483253701590002,121.62807460423089,15.62505429982075,1.3290250615476995,2.241398130350344,5.723876744332204,1.0397762781501907,0.7199287520417104,66.50607277929643,49.65916485269134,49.33931732658286,66.50607277929643
22,4.8275689734146,99.37326844921954,8.523800634764218,4.590140101922227,2.241398130350344,0.08121751077742648,-0.5592401207099291,-1.1736479971207867,63.05302525414725,52.47524077773794,51.86083290132708,63.05302525414725
22,9.791735839098692,120.30631716645668,15.25822230149061,9.337137731797846,2.241398130350344,0.9348032136189088,-47.043392518316146,0.327856488488121,71.95691606753336,11.948088618952632,59.3193376257569,71.95691606753336
22,8.115167869254947,129.1783791388425,13.056210882977014,7.1811791567462215,2.241398130350344,1.6345893938959795,15.384062172020386,-1.794755715059941,71.53202688123652,72.36366174547666,55.18484385839634,71.53202688123652
22,5.42912817094475,92.63592649437788,11.279111626804891,5.058489267092396,2.241398130350344,1.1425471669400014,6.8015029252216666,-1.3205587133274985,64.16249175186184,60.55785486070572,52.43579322215655,64.16249175186184
22,0.7236708700656891,105.82658612416918,16.475233781223633,0.88173951066286,2.241398130350344,1.9232249986194168,-2.3992670173865784,-0.5710593924431064,60.61568678546551,45.7105361570426,47.53874378198607,60.61568678546551
22,4.664852460846305,87.3266011122103,11.919600765050076,4.694521021066062,2.241398130350344,-0.7078392859903999,7.913383074747879,13.960099500936561,60.86404190859653,60.75260415811379,66.79932058430248,60.86404190859653
22,3.399056459311396,111.06985551806635,15.788250663127997,2.9764591258701794,2.241398130350344,-0.9352481712034679,-0.5407873684628914,-1.4249239572451258,61.492003262127184,50.77947851306113,49.895341924278895,61.492003262127184
22,6.89918605145067,83.80359503074206,12.049609299875328,6.868164250043311,2.241398130350344,-3.469868003194155,-8.868089969474672,0.04391737722051747,60.4309128919712,46.65233142261648,55.56433876931167,60.4309128919712
22,5.141573720611632,84.60289185634561,13.10685080620089,4.175161623761005,2.241398130350344,-1.0028292774839116,21.26427516687385,2.9309405940147135,60.86874650323496,74.67556176195816,56.34222718909902,60.86874650323496
22,5.149230156093836,104.33190042368312,10.851298109115564,5.473038107486923,2.241398130350344,-1.2502540963155726,-1.123688985400551,-1.5295430267341783,62.60341026371569,52.2967853322624,51.89093129092877,62.60341026371569
22,5.455143540166318,101.36216978930763,10.143325987120992,5.107243598848621,2.241398130350344,-1.7288245816202974,-12.25631287975831,-1.7749252463132854,62.1949627758604,41.53125749879162,52.01264513223664,62.1949627758604
22,4.474573300685734,103.93934765066832,7.999149117410367,4.424542323948323,2.241398130350344,1.521034387532353,0.5058396427572108,-1.3659057741943212,64.52585524377241,53.11672573393044,51.244980316978904,64.52585524377241
22,0.8388484036549926,101.04002369186881,10.75586260740167,1.0033090511688088,2.241398130350344,0.8825932853184812,1.1234356597918371,-0.007771917164837827,59.23461186924169,49.37145187452818,48.2402442975715,59.23461186924169
22,9.301336917560548,92.07034271714762,13.454291132970484,8.96116279554184,2.241398130350344,-3.250231223089199,29.531852799955104,-1.601380831905971,64.35980548004856,87.93485523137811,56.801621599517034,64.35980548004856
22,0.16448186244815588,98.0469675322185,9.795633393509295,0.7511022909315171,2.241398130350344,-1.2730907057391359,0.5943172592061796,-1.5012024312111298,55.970382412770846,48.03309362449431,45.93757393407701,55.970382412770846
22,4.140923994127661,124.30238116533724,9.681074458293288,4.263675411411546,2.241398130350344,0.7678177925458958,-0.5372431388971773,0.41336594750329625,65.40856283238315,51.673263784406366,52.623872870806835,65.40856283238315
22,2.2697609337046742,99.73157315014794,11.122188720494561,2.441633266824695,2.241398130350344,1.0452278330840032,-1.5655975202323769,-0.9476426731977229,60.98349639889475,48.39951373056358,49.01746857759824,60.98349639889475
22,0.9964058734476566,80.22265901576061,12.318268413527106,1.3205566993468523,2.241398130350344,0.34239546382848807,1.1608676179718445,2.460676930675147,56.80174654389209,49.59795279645938,50.897762109162684,56.80174654389209
22,4.829238750971854,87.33159759128084,11.01079862893396,5.1977079154215335,2.241398130350344,-1.818625393683127,-4.102268762445221,-1.8196099201958422,59.95101899696153,48.93421586907135,51.21687471132073,59.95101899696153
23,6.501286714337766,83.4727769126334,14.424735691162063,6.719209867615643,1.3415389897301582,5.027620440932173,9.234008253609833,-0.8354055207090205,67.517981179131,63.37709130054532,53.307677526226456,67.517981179131
23,9.2132977838628,86.49864785488752,12.585264851823656,10.161135793284009,1.3415389897301582,1.3750535846730847,-9.71401749548714,-0.9118104247020387,67.42241470052734,47.68347883487838,56.48568590566348,67.42241470052734
23,3.6260180710814893,81.08374120266282,11.927915077935275,3.384780366537925,1.3415389897301582,-1.8269217792668433,-8.505424357377736,0.462283269044369,56.97421301602739,42.187336317650214,51.15504394407232,56.97421301602739
23,8.551349900662899,60.61226646275643,9.794767794867633,9.175685751362899,1.3415389897301582,3.7316624067271604,16.976055633939215,2.869438942655533,66.39604792352844,73.57921450446486,59.472597813181174,66.39604792352844
23,3.0090615153312683,110.0359862378586,10.128719426101862,2.4675270561382385,1.3415389897301582,-1.2517205974794061,-0.9286009497577975,0.6904470318337708,59.70429083443414,49.02381185836988,50.64285983996145,59.70429083443414
23,4.656624251510948,109.90062263846166,12.921674653640608,4.453422411080411,1.3415389897301582,5.067270759423925,0.143062278256533,-1.429660503731978,67.9868211148134,52.072550369799835,50.49982758781132,67.9868211148134
23,1.427306649275124,96.24099346913336,11.335273074778753,1.2359821963075326,1.3415389897301582,0.09005758962024094,3.470532463669557,-0.37418302452575647,57.768463905393894,51.524839432529866,47.680123944334554,57.768463905393894
23,8.077189936302602,89.14304024569272,14.212326537644886,7.717921823409974,1.3415389897301582,-3.166176839642417,-3.0298119263183163,9.556259841417003,61.782294098220135,53.00435498697497,65.59042675471028,61.782294098220135
23,6.6580763179808855,87.8172755150588,8.73261279029774,6.701386127479231,1.3415389897301582,1.326582552438428,2.54703462611821,-1.3580715010060855,64.43954067525154,56.878265197425435,52.973159070301136,64.43954067525154
23,0.6194097991101444,105.98101504027619,12.670385601190745,0.8793616241538795,1.3415389897301582,3.703443484937691,0.2604529762500001,-1.4757158811604414,61.386375737627645,47.345283724912335,45.609114867501894,61.386375737627645
23,4.309255683328956,103.39845360819065,10.950685110019714,3.9810663262321535,1.3415389897301582,-2.4203794811242076,7.706788939117301,-0.1480974305425764,59.43211168941977,59.21943474884221,51.36454837918233,59.43211168941977
23,3.9685508143156767,106.32465369629816,14.92674215060441,4.112455425738709,1.3415389897301582,-3.1128356188158612,-1.3973867858151352,16.22453349556959,58.62342971772293,49.706413181093836,67.32833346247857,58.62342971772293
23,6.969567514024675,100.07256915586149,12.854356083973164,7.2228974853998675,1.3415389897301582,0.844016978387414,-9.594399655193039,-1.8245746126545277,65.55629390053333,45.110620351366734,52.88044539390524,65.55629390053333
23,6.593196506146342,109.28475872644778,9.949740359647304,6.632322873692556,1.3415389897301582,-5.514263841643487,-7.805390887255066,-1.687142488101504,59.66758682810706,46.447983909850706,52.56623230900426,59.66758682810706
23,4.073507096618414,106.46700916728891,9.383883357354389,3.753033594238417,1.3415389897301582,-0.9839290406011048,-9.775166736663975,-1.2866891319125495,60.89251938180004,41.45458076900828,49.943058373759705,60.89251938180004
23,3.069202203769237,108.37468555280834,12.459203773257267,2.628284942422305,1.3415389897301582,-1.7259942355307167,-6.4061576421740245,-1.5494371475176152,59.13605595400337,43.61842399207922,48.47514448673563,59.13605595400337
23,2.5510734505951405,107.43941921008013,11.385957444376174,2.210410645566204,1.3415389897301582,1.978918835300051,3.83069898235842,2.2042747600257124,62.125687886752395,53.23352611280275,51.60710189047004,62.125687886752395
23,6.725681533571333,124.92828611418668,11.832333800915631,6.933448802790533,1.3415389897301582,-5.530334668001394,-0.5886916411338182,-1.310752622644284,61.37485077343303,53.82366518888194,53.10160420737147,61.37485077343303
23,8.943934335839003,84.17448081693246,11.66853631877787,9.656860581157295,1.3415389897301582,-4.568626390164652,1.782018040742047,6.084393212696993,60.92308188426556,58.85627823347901,63.15865340543396,60.92308188426556
23,8.457361562177539,122.62487030170007,13.310025117327003,8.217350758091067,1.3415389897301582,-0.7970478710185274,4.565255176871897,-1.7223083625066506,67.95581202349469,61.0556280412151,54.768064501836555,67.95581202349469
24,3.9290185691788793,94.98687015017389,9.85033054364494,4.517830096667709,-0.612091110258586,-2.673410590568155,5.368143024204853,-1.0043431466563315,55.9280075972053,54.47087419696092,48.098388026099734,55.9280075972053
24,0.7905053999274969,99.02528884272338,18.941819206931797,0.37548655509375406,-0.612091110258586,1.1248642671902722,-0.5034825174284627,-1.0553126337422767,56.363908521117025,44.83303285222594,44.28120273591213,56.363908521117025
24,8.284230569843203,101.21622308070104,12.588161784768035,8.055650832327723,-0.612091110258586,-0.8107412575960078,-3.1608101247329285,2.5179523197831086,63.63986662402735,51.16817544882033,56.84693789333636,63.63986662402735
24,0.7289182487875223,93.27677806691739,10.927252307307219,0.6982026046135614,-0.612091110258586,-1.7135762148311056,1.6727876972859015,-1.6029058011261061,52.87671238014707,46.935398485572335,43.65970498716033,52.87671238014707
24,1.1476267757825553,61.692895746010514,11.710453009108592,0.9756378235928664,-0.612091110258586,4.352623620512423,2.2443555106452653,-1.2795645085814096,56.286974215793954,48.00941653132574,44.48549651209907,56.286974215793954
24,6.399842700920999,95.30601197321478,13.084261055681106,6.471180761556816,-0.612091110258586,-6.211231633077707,9.680438198903932,-0.04398019915432716,55.38708969509038,61.74815832975054,52.02373993169228,55.38708969509038
24,3.2056620018556714,100.62074728060446,13.268350386384817,3.539630538322495,-0.612091110258586,7.185501485563664,-4.137558370200401,-1.3789642567071012,65.48227950559233,44.097144921767814,46.85573903526112,65.48227950559233
24,1.8874952616170049,73.93407907993571,8.450287862190127,2.306155564351083,-0.612091110258586,0.6907489133415617,0.4849448792393566,1.3471576945188743,54.73706002501695,47.137848082921174,48.000060898200694,54.73706002501695
24,3.938296411652118,108.24909489547571,7.867728230626875,4.2432948267549655,-0.612091110258586,-2.1806793127869923,-1.998618210568539,-0.3549206581841171,57.75809476048453,47.115246373155415,48.75894392553983,57.75809476048453
24,8.620260159950703,91.04089461110017,11.820186181073577,8.018052689830814,-0.612091110258586,-3.3133399506658625,-9.459506255250082,-0.06892730733951047,60.52297059212641,45.27271482643217,54.66329377434275,60.52297059212641
24,3.479114065412432,121.71612709054821,13.673604356117375,3.242830300787653,-0.612091110258586,-3.1986318334717248,1.1078594702252427,-0.8246411987113258,57.535826643819426,49.67070523846157,47.738204569525,57.535826643819426
24,0.014338984619826078,103.97302171396389,12.332481666187064,-0.12701478261534316,-0.612091110258586,2.146444473505264,2.325344899825,0.8143171700060303,56.948862316186855,46.7304605711102,45.21943284129123,56.948862316186855
24,9.112844537012279,88.16825788326292,14.051051146892245,9.390155701658735,-0.612091110258586,3.048069612443703,-42.572810029152045,8.301691621312834,67.18821773492614,12.7505123050041,63.62501395546898,67.18821773492614
24,9.517234489321709,102.51598331007293,12.80637691626587,8.890885375332699,-0.612091110258586,-2.097024060195104,-23.8745930825394,-0.715342614421739,63.96316454773966,31.933997194388063,55.093247662505725,63.96316454773966
24,4.909189830068499,103.8637466230189,12.8231842397256,4.638030899328082,-0.612091110258586,3.3548257813031244,-0.15674014454055285,-1.290864360911338,64.02013712942862,50.12219654128306,48.988072324912274,64.02013712942862
24,4.636517153121531,113.68071051175464,15.360373656044894,4.902603552485943,-0.612091110258586,0.6779918227055379,-2.13098831692892,-0.9183324901898811,61.99779234736825,47.82074115655833,49.033396983297365,61.99779234736825
24,5.96472046803683,97.646914261677,9.875784853529828,6.346818484759627,-0.612091110258586,-1.8777927763851854,7.2890355268973375,-0.5886917727513707,59.43247210116812,58.834608978282944,50.95688167863424,59.43247210116812
24,9.060509572736919,69.4993643732937,10.41752870064369,9.176911361006393,-0.612091110258586,3.99281110936251,-4.845747369562393,-0.9366249798951023,66.20326792371759,50.41477300746332,54.32389539713061,66.20326792371759
24,1.730011790059507,80.50501265382137,12.77702454832197,2.4038213838922182,-0.612091110258586,2.2654804943342777,-1.1117775781206607,7.632125631428307,56.779904797529234,45.35214545969216,54.09604866924113,56.779904797529234
24,7.858810767065734,87.14124010106447,12.507996998900747,6.893144822234158,-0.612091110258586,-3.7213422135122136,22.829241011050545,-0.689892431237549,58.81126360681452,76.64772282127083,53.128589378982745,58.81126360681452
25,2.329343846067786,106.39397941804286,7.6256634148280495,2.421302899516003,-10.873949829146039,2.5248963133802516,2.5735871871950664,-0.7222368261148191,50.085557041319845,39.49484997333037,36.199025960020485,50.085557041319845
25,5.770482090301812,95.7274560537287,13.075600866566942,5.743264258647975,-10.873949829146039,4.011141186078079,-8.160358018064853,8.740691644309747,54.63451547066708,32.89027066115128,49.79132032352588,54.63451547066708
25,8.408770333044231,90.78447187045208,9.420227176586337,8.00807631145528,-10.873949829146039,-0.6379202116759587,-34.590081454584386,-1.1007653700168447,52.65710154587629,9.62649311592265,43.11580920049019,52.65710154587629
25,1.3220377685502172,87.32663751763776,9.548912059682468,1.0980315833136713,-10.873949829146039,-1.7746377419469987,0.4893705698365032,-0.6294107576086339,42.670521502931,36.20186606295072,35.08308473550559,42.670521502931
25,8.958911895751953,102.30542435828308,15.454227105551507,9.055139106625395,-10.873949829146039,2.3969532285984503,56.418327057121324,1.3796447899039512,57.50424011018306,101.29507150287762,46.25638923566025,57.50424011018306
25,4.501373411621898,87.22851586332717,14.320715606580604,4.986950017429446,-10.873949829146039,4.647324830168026,-2.620181613378207,-0.8027022423920529,52.89787468130098,36.90751665142203,38.724996022408185,52.89787468130098
25,8.94142537843436,94.03118390585672,10.50367683249676,9.042368772499971,-10.873949829146039,-1.3496579012286158,-32.34921828098159,-1.1468907297403015,52.90922111433225,12.506542343993601,43.70886989523489,52.90922111433225
25,2.4854518054053187,85.90034160578571,15.333344649860814,2.7464174472822727,-10.873949829146039,1.3112041260681968,-3.098597670860693,-1.3427156076405895,47.009830623987106,34.00999466647965,35.76587672969975,47.009830623987106
25,0.8369529363699257,79.17619387870874,10.940605150857369,0.465395878385915,-10.873949829146039,5.428557053958915,-2.44103361293704,-1.531376926271996,48.47657013632765,32.68936008156083,33.59901676822587,48.47657013632765
25,0.4864107468165457,114.32776883295097,14.057296701278531,0.30853316645389595,-10.873949829146039,-0.7283593929747884,-0.5841454497978481,1.5932684595816367,45.41416055735413,34.12559761723597,36.30301152661545,45.41416055735413
25,9.798158670309931,80.23756794951427,14.753435982129808,9.782421796140424,-10.873949829146039,-1.0855812813832366,30.37111538331774,-1.6767431646154625,52.822016088794065,76.25495595854362,44.207097410610416,52.822016088794065
25,4.841677411459386,101.09543719239433,14.662005916525294,4.89890943432347,-10.873949829146039,-2.017303214744201,1.8459029943499412,-0.7527807478515465,48.02830356910046,41.78196605895516,39.183282316753676,48.02830356910046
25,8.453930339310318,91.47721227147446,14.509311898871701,8.665610330861051,-10.873949829146039,-3.2480113872828076,20.275771349125417,-1.2372764136687282,50.170476417890974,64.54653792715176,43.03349016435761,50.170476417890974
25,4.162936045322567,84.12323996824253,11.425330892381465,4.088712649995367,-10.873949829146039,-4.068755666636008,5.62019525584709,-1.7495268049968689,43.465141755429286,44.74176868108813,37.37204662024417,43.465141755429286
25,4.8934254283085465,103.88970307625603,10.90652896368183,5.2000954517570435,-10.873949829146039,1.7798459142993526,1.4485980284266995,-1.092958955289547,52.16697690674918,41.446758713250915,38.90520172953467,52.16697690674918
25,1.8328781751915812,105.59701756778742,14.50785494213001,1.938607381584421,-10.873949829146039,-0.8761067877284399,0.8611508557978927,1.4751279781803166,46.00909895013417,37.18665483688175,37.80063195926417,46.00909895013417
25,7.591614678967744,118.9700015392622,11.856554162081977,7.049285768436223,-10.873949829146039,-4.241795590834962,-14.333339124858949,-0.31257283993499585,50.89119234870652,28.902648660756302,42.92341494568026,50.89119234870652
25,3.051433025393635,104.87837494102398,10.635126757471463,3.195061644722312,-10.873949829146039,1.5382775110117795,2.2686138067132684,-1.5322014294452335,49.813884806440505,40.05638360803959,36.25556837188109,49.813884806440505
25,1.6567824711091816,97.92299020737542,9.95000708342866,0.9734813353306496,-10.873949829146039,-1.813574528752207,0.18812717660191694,0.17534443235996844,44.092913628170315,36.30231631278689,36.28953356854495,44.092913628170315
25,0.3280914295464754,139.037033459197,14.603155629433068,0.07372011860438571,-10.873949829146039,-5.140141275601769,-1.2554395851052056,-0.3047369568901863,43.28332195662767,33.26432030120452,34.21502292941954,43.28332195662767
26,1.3650520821101964,90.24573357268127,13.516121650813368,1.4812254213738232,1.1688711463630468,-1.9996218999127369,-0.721433192345793,-0.7978015758829187,54.831885102250666,47.08550045254949,47.00913206901236,54.831885102250666
26,1.7713641142472625,84.95225157529957,14.959228670752399,1.2498464211633475,1.1688711463630468,-3.2080485107482524,0.49163575151314015,-0.49663022812709934,53.58168473024146,48.7861438349729,47.79787785533266,53.58168473024146
26,5.1956045045517385,91.97329130688283,10.760875187170736,5.149964264820669,1.1688711463630468,-0.24014815925470073,16.128656186555883,-1.4059188009254584,61.36077752325871,68.53225273838102,50.997677750899676,61.36077752325871
26,8.111207850743085,98.34378149834818,12.519374454512459,8.074023016733586,1.1688711463630468,2.2447420348458986,22.545245989230725,-1.4967771337657865,67.98144075193547,78.44756655648547,54.40554343348896,67.98144075193547
26,1.153620125260204,109.0064525397036,9.826958150045261,1.1045958746812543,1.1688711463630468,2.9768620447756646,-1.8300654474648492,-1.8219883831563493,61.430722595421315,45.723149849210444,45.73122691351894,61.430722595421315
26,8.934217866044492,106.23767589398022,12.17244712638795,8.580893557517106,1.1688711463630468,1.4610160010280646,15.250387853807089,-1.5435554732098358,68.97471617604253,72.14032043942352,55.3463771124066,68.97471617604253
26,5.75352881103754,98.41374029984513,10.307595101894789,5.993596598798063,1.1688711463630468,-2.320723582036974,-7.02484703317183,-0.7230309991875647,60.59375616755563,46.04825868643626,52.35007472042053,60.59375616755563
26,1.465723942965269,87.15156192630818,12.777811728740776,1.7525776892184513,1.1688711463630468,1.4528381426734307,1.2564188408717165,-0.9028466052055828,58.09573421322561,49.184158718793086,47.024893272715786,58.09573421322561
26,9.028057963587344,116.90991001483243,11.924728369307218,8.871708050597611,1.1688711463630468,-3.238954366673576,-30.074136260941348,-0.25367284259961287,65.45457733747752,26.92840444172651,56.748867860068245,65.45457733747752
26,2.5300246942788363,113.7442243217268,14.891203297851652,2.7011817011133137,1.1688711463630468,2.1292699601869938,-4.177752651431963,-1.7322080645830171,62.70859317185732,45.02714812806568,47.47269271491463,62.70859317185732
26,1.505976002663374,89.13430610913458,12.63444896420537,1.1711339089448531,1.1688711463630468,-0.4920109588228214,0.39858023267403564,-1.2348258625590607,56.39746200164973,48.37462258223313,46.74121648700003,56.39746200164973
26,7.6854715985246,110.30168631362113,11.192039018361818,7.694495545537998,1.1688711463630468,-1.2193640611871335,13.977733632904945,-0.9014916209384753,65.20224163476755,69.36917069749751,54.489945443654094,65.20224163476755
26,2.3012333107180893,106.75128687466918,8.519525339049514,2.605257649712372,1.1688711463630468,1.838215105759927,-2.537783106020651,-1.5426263231665183,61.4436949124516,46.3925680132041,47.38772479605824,61.4436949124516
26,3.053993280045688,115.67832409157556,11.094357442159763,3.1522786128809317,1.1688711463630468,1.0648079198833207,3.2326875240188384,1.5935289847349738,62.46630341145875,53.06635060643671,51.427192067152845,62.46630341145875
26,5.185696121770889,102.2444355165616,10.82782498688081,5.242252660511561,1.1688711463630468,-5.770556141942176,8.26943095183161,-1.7099760710734588,56.8455939022021,60.66113744431972,50.681730421414656,56.8455939022021
26,3.3459966676309705,82.8839927019896,14.295838088632776,3.88222759790089,1.1688711463630468,-5.958897674314981,2.4482240069651775,-0.012730817172597053,52.513568743404186,52.63229115448539,50.171336330347614,52.513568743404186
26,1.5443496825173497,112.03749103629485,12.914726519289387,1.244707427550934,1.1688711463630468,6.194712044175581,2.4774087644983087,-1.4568083854343938,65.42055191318893,50.49949952988217,46.56528237994947,65.42055191318893
26,2.6636956864967942,89.0692520354583,10.824387275882856,2.9743295015245867,1.1688711463630468,0.5587825488865121,0.34075316291855795,-0.6570126769774685,58.83101372259154,49.70605913307776,48.70829329318173,58.83101372259154
26,3.507546167820692,107.9081392859272,12.455829881389894,3.5988188105525762,1.1688711463630468,4.056436757542742,6.832467364469368,3.354392387654948,65.22517723388334,57.21039391221724,53.73231893540282,65.22517723388334
26,5.784583787899464,125.10218158318465,12.268295483692492,5.490023592147646,1.1688711463630468,4.271615506012616,7.631758820109616,-0.5901617133550543,69.89220535617349,60.74213051195202,52.52020997848735,69.89220535617349
27,8.086017952300608,78.71757969593753,12.658655544228516,8.057846959846213,2.2612888315540625,-0.20524591466816094,3.6492585073619277,-0.8947998409886941,64.63102242924039,60.61376888167672,56.069710533326095,64.63102242924039
27,9.332703149411827,123.4286620175334,11.404975572714411,9.182252513512976,2.2612888315540625,-3.9064066016557586,-15.686238076643711,6.663536652182401,66.89699221094584,42.77429453420454,65.12406926303066,66.89699221094584
27,8.338633375242352,120.29741513377117,14.369975946129045,8.60392260267514,2.2612888315540625,-4.278171068077313,3.4260240313819836,-1.2699074106860917,65.0192193271447,60.69367291322687,55.99774147115879,65.0192193271447
27,1.2700277450494468,92.06954834962663,14.619070773250538,1.4343060986254705,2.2612888315540625,-7.226524818167664,2.5338846133679223,-1.266596109830211,50.7657521424084,51.31920673898132,47.51872601578319,50.7657521424084
27,6.494539515115321,96.23090836781083,9.659089469769135,5.761799909708237,2.2612888315540625,4.719836932598871,6.761728413366265,-1.1299966431975488,69.3976640190724,61.81646466305871,53.924739606494896,69.3976640190724
27,6.903516575694084,89.71228470561253,13.992237732600227,7.562886104239166,2.2612888315540625,-0.22063886595149274,-7.9809378933936035,-0.9629262508043381,64.29609832699674,47.56457082899336,54.582582471582626,64.29609832699674
27,0.3204482444562018,91.44448521618818,10.506005966619881,-0.5327189293223168,2.2612888315540625,2.617997472144356,-1.327112392801173,0.2310370245590898,59.408272718664676,46.31871433210033,47.8768637494606,59.408272718664676
27,9.204891498666257,108.69447072319235,12.443735312931164,9.479693965389602,2.2612888315540625,-0.6147117298704323,13.71323436365924,-1.5132128104913178,68.56189397240237,72.0203929936128,56.79394581946225,68.56189397240237
27,4.784688870422542,86.51561492121829,14.001890462364996,4.485184211756465,2.2612888315540625,3.7835758330658424,-5.73350388093105,0.4467346156542107,65.43805280124879,47.269411595130066,53.44965009171532,65.43805280124879
27,2.6652057841420174,97.14505168130826,12.988286517118588,3.092850887872153,2.2612888315540625,0.8948743219355902,4.174467986517422,-1.4144226032713867,61.0689152625909,54.6340037590419,49.0451131692531,61.0689152625909
27,8.565107162576169,97.84144933980308,11.983111164930728,8.723838894530058,2.2612888315540625,0.9276826994565776,-0.93470740957026,-1.842175933011529,68.25124506008237,56.604710017075206,55.69724149363393,68.25124506008237
27,2.29146477766335,98.55141023068667,12.192273971065749,2.8456060813485378,2.2612888315540625,-0.8183730882048155,0.5263060318720341,-0.8944085266366966,59.047814499613935,50.537352596622114,49.116638038113386,59.047814499613935
27,7.9194687330164015,102.72170073583536,16.501410478366413,7.848236685641644,2.2612888315540625,-0.26395255024858494,-35.97971502909119,-1.377644539109975,66.7728688345087,20.784936282082555,55.38700677206377,66.7728688345087
27,6.467748603317887,123.94861313779472,14.873269382713003,5.495796334313427,2.2612888315540625,2.777642438034617,13.236271819168765,-0.37766519696251466,70.19509090734962,68.2588589747043,54.64492195857301,70.19509090734962
27,4.243346906732768,93.23002390159814,12.020815499076974,4.150542123909125,2.2612888315540625,-8.101418377958169,-1.8041557945223023,3.730892396659714,53.57488913183503,50.54914932511108,56.084197516293095,53.57488913183503
27,0.9506826801225543,88.07679662798772,11.358416216963745,0.9930575448926637,2.2612888315540625,-2.5665153031424324,1.5669048752234889,-1.6164730649301133,54.64327240735747,49.96901292292461,46.785634982771015,54.64327240735747
27,0.03467703936621547,111.88426524478439,15.683349734524057,0.5217049529597207,2.2612888315540625,-3.312107379011602,-3.1009214369402573,-1.8155598146607925,55.17922042426036,44.201979841853266,45.487341464132726,55.17922042426036
27,5.311336689628661,105.7070844964154,12.179849450450684,4.842631249853578,2.2612888315540625,-1.1796381292341624,3.7470985182312257,-1.7708187765987626,63.02596317951584,57.38199137733968,51.86407408250969,63.02596317951584
27,5.243071159347892,103.5368197448868,12.805585636233584,5.136480829789868,2.2612888315540625,-3.0158659292206735,2.4558397527226097,-1.8917492923362058,60.89079026803954,56.00881397549414,51.661224930435324,60.89079026803954
27,2.1318555460311472,108.86482395280615,14.618787409314985,1.9499813238002,2.2612888315540625,2.0464139253480322,-4.152215398493051,-1.8340524349592982,62.75241180742009,45.66730008829839,47.98546305183214,62.75241180742009
28,7.1693207998760045,78.82104696881666,10.773491554549178,7.771293667134957,-3.4968758566732934,3.8201334561191334,2.2115369061220225,0.5288311947171891,61.80854725617871,52.317846009299934,50.635140297895106,61.80854725617871
28,9.613435762003064,115.94943688436672,11.129039830161137,8.964420425951857,-3.4968758566732934,2.7811477984591475,-37.456817225564876,0.500101766974751,67.4153385446262,15.58242983216551,53.53934882470514,67.4153385446262
28,5.1826659962534904,106.80876818346387,11.2357878314584,5.606287987483909,-3.4968758566732934,3.2565486663417076,-5.758076289136206,-1.4165350369030671,61.659748823518996,41.96424704969469,46.30578830192783,61.659748823518996
28,1.745280222967267,114.2696946552968,12.342656352219864,2.2080722371389623,-3.4968758566732934,2.5524282259718722,1.4668395749833139,-1.4319234506248293,57.57685810238898,45.06429998587074,42.1655369602626,57.57685810238898
28,5.625401348806918,91.02223429897725,7.166875073106211,5.579817805207199,-3.4968758566732934,2.598639868255068,-0.8094185370173353,-1.255565293173424,59.954469060047806,47.44418722487767,46.998040468721584,59.954469060047806
28,7.592581696808338,72.37089924480794,11.1636571268275,7.934658084851104,-3.4968758566732934,-2.95387680864377,-3.7831039767368653,1.218826609023535,54.89743529533374,46.831118202759846,51.83304878852025,54.89743529533374
28,6.669713375158608,92.73115700278099,13.414391129800993,6.874169012034498,-3.4968758566732934,-5.361951109496759,-7.779028406272785,-0.04879821859781375,53.41794478429838,41.72775178724425,49.45798197491922,53.41794478429838
28,2.2487292322330177,86.39729777464905,12.62361507063396,1.9629616381638861,-3.4968758566732934,6.441058573261339,-5.448143089724342,-0.4723647299395204,59.282387572732574,38.75345613228199,43.72923449206681,59.282387572732574
28,3.4584976243786514,133.34143671106565,12.701280313564775,3.180508986444766,-3.4968758566732934,-1.82652219444572,1.5019874374874396,-1.3404918765687432,57.160942769241935,47.155308730068526,44.31282941601235,57.160942769241935
28,3.198317599017173,93.7980013543573,8.826269174748088,2.3893096901381865,-3.4968758566732934,5.046296430585862,-8.522787799906277,-1.354469349365949,59.76720182816891,36.81831746224104,43.98663591278137,59.76720182816891
28,9.048983976244926,96.76489229943033,12.433043308159387,9.681568104922512,-3.4968758566732934,-4.859953435290748,25.75616739630859,-1.750029705927767,57.1784407094729,78.11807231112921,50.611875208892855,57.1784407094729
28,1.99198380112648,115.94467780106726,11.770500314241211,2.510717079440491,-3.4968758566732934,-0.46738578737002634,0.42305737886034533,-1.9059176702544784,55.02058669741518,44.31656208353883,41.987587034424,55.02058669741518
28,6.809630165807903,109.30519789870365,12.04067624645815,7.317771980757041,-3.4968758566732934,-0.3905577636955878,1.1086452210546571,-0.7906240556038877,60.214642368470976,50.78332556335085,48.88405628669231,60.214642368470976
28,1.3751775864511728,110.09599977818499,13.785580523875566,1.3687464393096458,-3.4968758566732934,0.5038632098046865,-1.0045109760069562,-1.7980802563957883,54.6668004346913,42.14882627106116,41.35525699067233,54.6668004346913
28,1.0699468688108027,139.50564344422494,14.896168295089295,0.8372416874515219,-3.4968758566732934,-2.862124172517021,-4.1696106466449665,-1.480979002180499,53.87550055780515,38.6174497392547,41.306081383719174,53.87550055780515
28,0.9285939577966928,102.49171598009455,11.495938255889937,0.26716377133810054,-3.4968758566732934,-0.9580687892349442,0.9060385944509972,-1.0345728479168137,51.90853970145725,43.52347548713374,41.58286404476593,51.90853970145725
28,9.164489551912993,128.5776330630139,10.805057441664845,8.934726043023664,-3.4968758566732934,2.432551267503187,7.724187136872067,-0.27333371890925906,67.79082617942687,60.22469874249437,52.227177886713044,67.79082617942687
28,2.770604358520359,103.80577601969625,11.504518320500964,2.4075555233555197,-3.4968758566732934,-0.17266006850878984,-1.227089154842824,-0.45761879126997984,55.035766907011975,43.60076021870832,44.37023058228116,55.035766907011975
28,8.85793877299875,78.11467049118554,13.548731880303295,8.311722946436653,-3.4968758566732934,-1.70482076470938,6.299142324851554,-1.3815393905306825,58.23929695533438,58.43179299577676,50.751111280394525,58.23929695533438
28,7.7286464953795075,66.5912763807947,11.762825587659837,7.851966466111347,-3.4968758566732934,-1.392036535439654,12.500373484822731,-1.4601853349443885,56.044591040421935,63.27787342260485,49.317314602837726,56.044591040421935
29,7.950512361712754,109.74525326751588,11.164837457798205,7.761461360743768,4.036135472028806,7.488807411705158,7.917240993388818,0.6898668639447061,77.04008304454085,66.49399129947292,59.266617170028816,77.04008304454085
29,2.0567359309643507,85.01125202847165,11.895147293484529,2.2352248252314273,4.036135472028806,-2.0446192742437823,1.6711624326439933,0.7890798755428492,57.9607245177894,53.17538102183002,52.29329846472887,57.9607245177894
29,0.4819332296028733,100.6295857551447,14.707900405667438,0.1718701212622698,4.036135472028806,1.9170729473825947,0.8251518043061439,-1.6081421326496166,61.594486870449316,50.4396071518584,48.00631321490263,61.594486870449316
29,0.38815931184217334,126.6556555006006,10.158697145386114,1.2124343588494275,4.036135472028806,3.8501181948286485,-1.0253233321904787,-1.6060620488635569,66.01761039112812,48.47660331404893,47.895864597375855,66.01761039112812
29,2.8457412985153496,105.20774016005811,11.37845725200609,3.8798998479242224,4.036135472028806,-3.2075583129057885,6.209491093604211,-1.0315979190005267,59.76424073334724,58.66051612385144,51.4194271112467,59.76424073334724
29,3.488098324742168,95.69353830775316,9.888394063636087,4.0880208859782865,4.036135472028806,-1.098791128260715,2.1736247411245415,4.509845360240501,61.692416164234004,55.39547820284395,57.73169882195991,61.692416164234004
29,7.374533254187554,71.13135021836332,16.47748851159939,7.3344562110721,4.036135472028806,1.2449870741768194,5.178005150469664,-0.794233340984857,66.24369747306703,63.063580527523534,57.09134203606901,66.24369747306703
29,2.5166358123533428,87.9902633599013,11.053875719933503,2.7755101382187575,4.036135472028806,3.6453415007285512,-0.9655250170887385,-1.4800520533755201,64.5004662835715,51.09057342976408,50.57604639347729,64.5004662835715
29,5.174370030872524,91.36573043910064,13.812108170961736,4.612534124946053,4.036135472028806,3.410592663836031,-11.323679956576381,-1.669824526276315,67.79254521682192,43.92169955249945,53.57555498279952,67.79254521682192
29,7.594447226729244,110.26308599005534,12.075833863188285,7.0608001676217995,4.036135472028806,-0.20036578485531437,-3.539597142498102,-0.6590157495909359,68.97541495825412,54.60987500160579,57.49045639451296,68.97541495825412
29,6.360845279414207,107.25186021425706,11.649275433952477,6.182153541393134,4.036135472028806,1.0928101403169495,-4.613630092900796,-0.5783388928592132,68.48714596906852,52.05551971442505,56.09081091446664,68.48714596906852
29,2.0394068537279963,100.2094511306107,11.276781949442524,2.7156547979750796,4.036135472028806,0.584139242836953,-5.123957350115335,-1.8436137016862533,62.08850805240043,46.359466346387066,49.63980999481615,62.08850805240043
29,9.930452820844948,102.70365601937681,10.392756915830185,9.84110676256643,4.036135472028806,0.7948094595909,26.02931280851909,0.42702612843809384,72.01785391857132,86.98199166556184,61.379704985480835,72.01785391857132
29,0.00405043363571167,95.6781512753725,14.683152702150768,0.373425837957276,4.036135472028806,-0.5674637860231735,-0.10846702683702325,-0.5607213144003595,58.04134733390573,48.93252896555463,48.4802746779913,58.04134733390573
29,2.0657002506777644,100.45340834335343,13.251861308756562,2.045889973140383,4.036135472028806,-5.5725763609990295,3.502353286935227,1.083868503839733,55.98774024617843,55.017329059777346,52.59884427668185,55.98774024617843
29,6.3402809062972665,104.07511162794228,12.06226141598837,6.201524552583586,4.036135472028806,-0.8173755662081165,-1.4103978837088944,-1.0543606876772251,66.23460815617165,55.23407467587663,55.5901118719083,66.23460815617165
29,0.17291825264692307,106.73737641120138,9.810173301061148,0.25261902049195534,4.036135472028806,0.8642033558697071,2.3592435008382346,-1.4376893401083097,60.78157837219496,51.60288087604334,47.805948035096804,60.78157837219496
29,0.2673547132872045,127.41441487645585,11.02717186888271,0.21442359926645194,4.036135472028806,1.1443653098712225,-1.8537420777157518,-0.7721901272249028,63.242767925490256,47.5032190502577,48.584771000748546,63.242767925490256
29,6.0784059506841,83.31964433674281,13.906187366528206,6.660098639763674,4.036135472028806,-0.08927860535600946,-9.742530865400242,-1.6291055562774535,64.572908441168,46.58769174744948,54.70111705657227,64.572908441168
29,5.70541352732107,122.12211147375567,10.010973303814367,5.177157857980966,4.036135472028806,1.2264371990264322,-2.5536573149215456,2.1868003751795095,69.32128005121609,53.328974389892544,58.0694320799936,69.32128005121609
30,2.4585334793664515,110.07268690216587,10.856259354963917,2.502216344757469,2.308220437300564,-0.7370626579828666,3.1748519992232933,-1.7255690286106207,60.52866664477403,53.4333126117636,48.53289158392968,60.52866664477403
30,9.19525086414069,76.8200718442835,13.566346363140575,9.185061976972289,2.308220437300564,-5.189556407621771,-38.27106600084248,-0.5877983634508344,60.834972251075975,20.07145547342691,57.75472311081855,60.834972251075975
30,6.722162016667426,95.84429158013343,12.762732842178153,6.668098980295286,2.308220437300564,-0.5620018671131664,19.445218947183722,-0.3263265756677962,64.39724214820166,74.82003380448519,55.048488281633674,64.39724214820166
30,6.454504393041134,90.5598551204203,10.79988365208568,6.198294267388642,2.308220437300564,-0.390360273994661,5.7489245251157435,-1.280974261933037,63.71925094699729,60.80255023406566,53.772651447016884,63.71925094699729
30,2.0828545466065407,86.00499322570371,15.305230240188251,2.3698475689031566,2.308220437300564,-7.132547162315196,1.4511542440788028,-0.49358940982210475,51.275598053483584,51.25880013730721,49.314056483406304,51.275598053483584
30,4.80617735767737,76.93170273657613,9.618466129716824,4.21541343246908,2.308220437300564,2.736882626111249,-4.795273462240899,-1.5372312899481462,63.50568616628227,48.28035980427251,51.53840197656526,63.50568616628227
30,9.865185832604766,92.58846925600082,14.831354903805048,10.166827751870041,2.308220437300564,-3.315347827452304,5.5100807438113595,5.28572976095731,65.08994253457406,64.65652418023764,64.43217319738359,65.08994253457406
30,9.931198477279395,93.46959977094706,13.628345634384964,9.055274807329782,2.308220437300564,1.8374866114104234,-23.729624725590067,2.3960822539679745,70.41010519854098,35.496033884445765,61.62174086400381,70.41010519854098
30,4.507740365806967,95.1468298557966,7.804857903287104,5.128980304891787,2.308220437300564,0.7269108049771814,-1.02847192315812,-1.4022139606292296,62.959102666825764,51.6890369531108,51.31529491563969,62.959102666825764
30,7.148487861268222,69.08329571625723,12.640330164975348,7.429312660858263,2.308220437300564,-2.914137644387419,-4.091539798333482,2.622531813413479,59.880597798060734,51.794866072488944,58.50893768423591,59.880597798060734
30,3.1656161253340542,106.62253832643317,13.602050240848103,3.18622565034815,2.308220437300564,0.7255869922854614,3.00677707771033,-0.6905776493056359,62.49480061263021,54.11373686541176,50.41638213839579,62.49480061263021
30,8.336875606328249,111.19526869849551,10.416638691914445,7.365686122344719,2.308220437300564,3.8273720251794834,-7.493764504990516,-1.8797204200395405,72.2593700599235,49.818706659903945,55.43275074485492,72.2593700599235
30,4.339755815453827,111.84464310737027,11.978667473532063,4.30532752247242,2.308220437300564,0.5513392651299198,-3.1476232195909364,0.45920771286752005,64.25173099171211,49.36830419625422,52.97513512871267,64.25173099171211
30,9.959922581911087,111.56110760559316,8.752964120111045,9.664579603607518,2.308220437300564,-0.8648044595796356,-0.47790204886076415,-0.36969996972513974,69.55143383657355,58.782225486733104,58.89042756586873,69.55143383657355
30,8.058112133294344,103.0075947674555,10.184865896224402,8.525201743835382,2.308220437300564,0.1196387181497217,10.442838294737513,-1.6751982864682968,67.39835319214905,67.42079329199129,55.30275671078548,67.39835319214905
30,4.8624216741882265,122.02525047516627,12.273533444845278,4.209361827687063,2.308220437300564,-0.9490194540565957,5.073962819947704,-1.1707822015542209,64.39663203978647,58.21708926627414,51.972344244772216,64.39663203978647
30,5.387720009312034,86.85316774088872,12.542375913063948,4.742468347015647,2.308220437300564,-4.755515628491551,4.6000964969856275,2.877219990142776,57.70328559407233,58.37358094546063,56.65070443861778,57.70328559407233
30,3.4103990835137665,81.60092959418336,11.85267756958996,3.3205353427985083,2.308220437300564,0.48248972848644234,4.954280522842538,-1.0162390656822176,60.04328202542186,56.35497986035962,50.38446027183487,60.04328202542186
30,0.5201560445129871,105.06756879961864,10.45113934314392,0.4980887843746111,2.308220437300564,-2.772706272003309,1.3870660307326177,0.4961288462246103,55.6664582986747,49.319473721448766,48.428536536940754,55.6664582986747
30,4.587231131736189,106.61236130881224,13.187632271052378,4.3362847489665155,2.308220437300564,-4.730680866062905,-9.205176194910436,0.2996573617084566,58.743453060202306,43.60772160047355,53.112555157092444,58.743453060202306
31,4.9815659038722515,88.80225322394847,14.655009119163369,4.907826151707143,-4.751989648137317,-5.832450991605664,8.847434641811061,-1.639308963567738,49.27366376729857,55.07332407832045,44.58658047294165,49.27366376729857
31,2.8276422526687384,100.54909180647887,10.798328336365639,2.722424388301697,-4.751989648137317,-1.1361111707449891,3.1357197226990645,-0.3934634804478925,52.55997906496807,46.77690077776423,43.247717574617276,52.55997906496807
31,7.764450823888183,104.84964436304573,12.113013716502039,7.554192327387514,-4.751989648137317,1.9031050019581994,-8.044861258462834,-0.12100138008709793,61.95342077879128,41.52049008206566,49.4443499604414,61.95342077879128
31,3.0385276186279953,105.69514048602387,10.937847420836246,2.7684366195327472,-4.751989648137317,-4.562446826426749,4.533104278649324,-0.2211727002906414,49.90131071639191,48.4273477728656,43.67307079392563,49.90131071639191
31,5.155511819757521,113.14834743693044,11.8382024312461,5.0927963778912355,-4.751989648137317,-2.209335630767396,-10.54397030077795,-1.7471192309378223,55.54012364849735,35.89065423479376,44.68750530463389,55.54012364849735
31,4.779507732018828,114.00081981354455,12.321511173342762,5.167204828694564,-4.751989648137317,1.3437564845616354,0.1826401749909592,-1.2702523479324577,58.72725809620137,46.166059805276234,44.71316728235282,58.72725809620137
31,7.68852224573493,63.56788715976373,11.795718870672731,8.433828698335844,-4.751989648137317,-3.8636451277270694,25.53615055826862,-1.8666702582889765,51.9673806349939,75.01038760501322,47.60756678845562,51.9673806349939
31,1.6392885567620397,125.91991035131748,11.290500060427858,2.0468315522975384,-4.751989648137317,4.513391029085008,1.4713538987022126,0.10748163920195064,59.320538684193885,43.68651051867934,42.32263825917908,59.320538684193885
31,4.417741498909891,106.84003969415816,11.057545305813264,4.436018227560489,-4.751989648137317,-2.439845760011252,2.68445067022616,-0.3470391785788196,53.79345835995912,48.23375082078071,45.20226097197573,53.79345835995912
31,5.234076697379351,91.44459481381523,12.068088354723223,4.753360028388248,-4.751989648137317,-1.405179611870416,-12.83144203329259,1.6381722048972038,54.26818225822901,33.697460355425314,48.167074593615105,54.26818225822901
31,4.769191886298358,83.28063396733046,11.598557585286468,5.132933548390736,-4.751989648137317,3.6208927981881835,-7.368951041792883,-0.9069458740294734,57.91999681034194,38.60208957362783,45.06409474139124,57.91999681034194
31,5.246432877611369,113.57596398345842,10.911102742461452,5.8312161658114325,-4.751989648137317,1.6259187358770506,-5.890938304964614,-1.0404797833756831,59.527244939219216,40.65279150003171,45.503250021620644,59.527244939219216
31,6.8522824719548225,104.921440232262,12.754724539291074,6.778431770374141,-4.751989648137317,2.5665698857869956,-6.564838654826146,-1.1748224570506371,61.52946322722167,41.90591066338232,47.29592686115783,61.52946322722167
31,3.5179202212020755,116.17134940071733,12.807456321160892,3.441852913849081,-4.751989648137317,-3.4494073426680476,6.488348828413961,-1.6385438933751961,52.63724221470886,50.957863445719134,42.83097072392998,52.63724221470886
31,8.396312852855772,99.09526669446248,12.340473875086063,8.893630773920922,-4.751989648137317,3.1900698849107174,-2.732484767450762,-1.2402030007075502,63.42318232964658,47.591101007838844,49.083382774582056,63.42318232964658
31,9.219136915635318,96.34721857055312,9.797840157558552,9.293371914908578,-4.751989648137317,-0.022949091437048645,-17.384952844197752,-1.660522470904157,60.922747416243325,33.926021806427315,49.65045217972091,60.922747416243325
31,1.063096213620156,133.62133841032414,12.80493939858219,1.9715051253350602,-4.751989648137317,1.4486504553399788,-0.26210072653335814,19.532728649815528,56.334510104579266,41.261625081673515,61.0564544580224,56.334510104579266
31,2.065289181191474,69.46010543716253,12.851632354421893,2.044667213235798,-4.751989648137317,0.07693784835080389,3.2182184908013824,-1.001722824179904,49.74930576135951,45.944575860093835,41.724634545112544,49.74930576135951
31,4.866429117973894,105.86371697624256,11.433742562275233,4.220209586295555,-4.751989648137317,-0.5335853699292776,2.3167388717422153,-1.4577584234084884,56.140511621126336,48.40446416517357,44.62996687002287,56.140511621126336
31,3.2382202381268144,105.7722001434948,13.107264144231113,3.661402574105705,-4.751989648137317,6.345842822463717,-1.3204413611020784,-0.8798814833237276,61.056937474428054,42.81343327651278,43.25399315429113,61.056937474428054
32,4.717139250133187,106.58043399312096,14.528712464954172,4.8618971526059696,-3.8343765483335344,-4.026835984403325,-12.565880524466067,8.666758831837518,53.45739796673506,34.26031002736022,55.492949383663806,53.45739796673506
32,5.860885020811111,108.37211353069856,12.655604926389259,5.754534338510904,-3.8343765483335344,4.2874969042256845,5.854530371860796,0.8670111958958746,63.32339373393533,54.05321584850059,49.06569667253567,63.32339373393533
32,2.2395001258701086,95.8539042553383,13.53021274661879,1.7371875651759634,-3.8343765483335344,-1.0107148007050004,-0.9489341571705787,40.785564152265586,52.42769922753942,42.904089445540016,84.63858775497619,52.42769922753942
32,7.340297200717032,117.49432118473348,14.56514691762049,7.690890867585944,-3.8343765483335344,-2.214202286666685,3.371779613751537,-1.6763006023934137,59.50920992433357,53.345759706278436,48.29767949013349,59.50920992433357
32,1.5048409905284643,63.1858414759392,15.317773867658687,1.7418948572846584,-3.8343765483335344,2.076990219153302,-0.2970005457394848,-0.412159713971062,51.367007007047846,42.67443209456113,42.559272926329555,51.367007007047846
32,6.975533668883145,87.9165061081815,11.038540373730179,7.084143941233458,-3.8343765483335344,-1.2375321028042816,-2.6694582904940773,-1.2564152883862443,57.09038236234011,46.86680556383216,48.27984856593999,57.09038236234011
32,2.641079048626125,98.21283174069963,11.184330970825826,3.262388437096714,-3.8343765483335344,2.737860553451495,1.3584876511739312,-0.6116996185021346,56.89406203753927,45.69340596119174,43.723218691515676,56.89406203753927
32,4.26464922260493,102.4482435120819,11.342162416541836,3.8391264720687133,-3.8343765483335344,-2.8745182250097243,1.2075985482616551,-0.050318524150051,53.65350864499085,47.490801067054036,46.23288399464233,53.65350864499085
32,7.21333573339507,106.09719261644375,14.202153175701234,7.296064732333767,-3.8343765483335344,-3.2158946923269798,0.20320724308025087,0.3127085611256526,57.21545090105794,50.024833574820796,50.1343348928662,57.21545090105794
32,4.74471707129851,109.59009993466464,13.163435921565435,4.645143769036284,-3.8343765483335344,3.8190763856738092,10.274565766150532,-1.4065071858137181,61.63737031636495,57.133849703375205,45.45277675141096,61.63737031636495
32,3.3858696091920137,77.37223543941474,13.915558405514727,3.5920250787595194,-3.8343765483335344,2.222673783574307,-3.6887398560390094,-1.467368059386189,55.18856431021266,41.53992712665787,43.76129892331069,55.18856431021266
32,2.4059213884174824,100.1150590659554,12.602843608674718,2.583035716441643,-3.8343765483335344,-0.5031336202963058,1.40211843369256,-1.2500606447988862,53.56110140406668,45.45484755146,42.802668472968556,53.56110140406668
32,2.1625967789441347,107.86252033000578,11.42307787285383,2.1157501314945364,-3.8343765483335344,1.511306684999273,0.9625148061235641,-0.7239641224630398,56.05829830439928,44.72325439252299,43.03677546393639,56.05829830439928
32,2.420581190381199,119.89503807356184,9.087696824212827,1.8214446012844112,-3.8343765483335344,0.1635537377139635,-1.8921164451806551,-1.1594735761178008,56.22337842519405,42.17820443494325,42.9108473040061,56.22337842519405
32,5.64904673025012,98.29648398351154,8.590696918675626,5.667926972637928,-3.8343765483335344,0.23063547149613434,-12.69263169562292,35.26415698182446,58.004763397813896,35.251847832343685,83.20863650979106,58.004763397813896
32,7.125680889002979,123.98724217595284,16.02244238259107,7.71778403604674,-3.8343765483335344,-1.4623765117800969,5.373146396144091,0.9164598576898999,60.652788224285224,55.08958691461413,50.63290037615994,60.652788224285224
32,1.0809659794904292,95.77707851607731,12.007922664905536,0.29514399449316686,-3.8343765483335344,0.809738641113332,1.2984031396062141,-1.649577557754756,52.850229119776046,43.76118576666119,40.813205069300224,52.850229119776046
32,5.190758735407144,99.25152791634241,13.116443813137645,4.975336484720716,-3.8343765483335344,-0.35940542084377525,4.8183973629936725,-1.8421602314582648,56.9602813049455,52.21293129714871,45.55237370269677,56.9602813049455
32,8.52190344594419,102.40321190981686,13.388987371201614,8.723018083084973,-3.8343765483335344,3.830249519154817,4.813636453758711,5.680963135839121,65.462478296936,56.2055440405582,57.07287072263861,65.462478296936
32,7.146319421008229,92.46429156392007,14.892642473576629,6.708994311226655,-3.8343765483335344,-5.0512176757976395,4.683114398223507,-1.3830014940419761,53.93641823747071,54.42432115509985,48.35820526283436,53.93641823747071
33,3.1398168485611677,110.73907073164284,13.26693748671905,2.729406404388393,-0.8829821715019082,1.9824512976387083,-0.12357375705870391,5.171707085662152,60.94115641757449,47.76122428971279,53.05650513243364,60.94115641757449
33,1.158171424176544,79.81319045255182,12.052740673920999,0.7533569667101467,-0.8829821715019082,-1.6757498263226884,-0.592299573734768,-1.3818962944596236,51.81239275644244,44.914523963775174,44.12492724305032,51.81239275644244
33,5.750040675047785,99.91534652046776,13.485751032309096,5.4369870042646875,-0.8829821715019082,-1.638584875129628,5.894841810166781,-1.4401389679837033,59.370016415472584,56.911908448722215,49.57692767057173,59.370016415472584
33,8.313719220459461,91.89186175390701,12.69460678425465,8.45754434528236,-0.8829821715019082,-0.1504658823601983,8.073588981322763,-0.8340221555264722,63.132201186079946,62.16706987437221,53.259458737522976,63.132201186079946
33,5.203397579025477,91.79389388725477,10.74269014818139,6.002845666591621,-0.8829821715019082,4.170771102232936,13.529206602321443,-0.8778672065909323,63.71125541428707,63.89030152565011,49.48322771673773,63.71125541428707
33,6.940110286232084,117.27168080566649,13.916983852597852,7.1616842064022235,-0.8829821715019082,-4.274527155411335,-2.998229522302072,-1.7576867417492865,59.897791097131915,49.446920649674524,50.687463430227304,59.897791097131915
33,4.999039894901216,115.78329522918864,12.328882700287519,4.675718555329011,-0.8829821715019082,-2.723070258601765,-7.828806322498565,-0.672106515138863,58.97112496669665,42.287059379880986,49.44375918724069,58.97112496669665
33,3.5416039871051908,123.97039793053986,11.930588198073936,3.318796595979851,-0.8829821715019082,-0.6636145465497308,-1.8807223219642395,-0.1858931927566012,60.100367859528575,46.48622029106008,48.18104942026772,60.100367859528575
33,9.648041590116918,96.04304810337312,10.158512369251122,9.213800177801945,-0.8829821715019082,0.5181004371338942,8.62590020504434,-0.0366381734677621,65.8170729841096,64.32056794168274,55.65802956317063,65.8170729841096
33,9.22261254163459,100.48601181320375,14.296110299274417,8.934694934571658,-0.8829821715019082,0.5803110409942551,19.207114140645523,-0.7686987477440774,65.81306510077424,74.39126701910513,54.415454130715524,65.81306510077424
33,2.0459270663559437,76.72625038471138,11.220239779940728,1.768900329048971,-0.8829821715019082,5.906110418449871,0.26609316941700456,-1.6544697001487505,60.150865765046234,46.83822347754223,44.91766060797647,60.150865765046234
33,9.549029327463359,94.17730854963216,11.801473473445224,10.114431209283,-0.8829821715019082,0.6774345975024627,11.71659322213131,1.2685657866719795,65.6710184739198,67.29244624358543,56.8444188081261,65.6710184739198
33,8.73992832377553,126.46222183270194,11.94406787526557,8.996313199424808,-0.8829821715019082,-0.2075581325022733,6.57401820249249,-1.3962879346389865,67.04359586779665,61.17895001952122,53.208643882389744,67.04359586779665
33,6.97344831423834,93.7520840865442,11.88602223025876,6.286440031711739,-0.8829821715019082,0.5384045962671125,10.448032208943983,-1.7137443333455278,62.398768810505636,62.933188014528085,50.77141147223857,62.398768810505636
33,5.125937848351896,82.50491966815915,13.111318033496884,5.456413286272832,-0.8829821715019082,-2.6972125888311194,12.384286692541842,-1.56766540918172,55.82142262450516,62.65242993906221,48.700477837338646,55.82142262450516
33,4.808165153954178,100.62841849277659,13.803847677987036,5.320475277340494,-0.8829821715019082,2.210829824328564,7.0631905400005195,-1.5640436466480114,62.16048768684933,56.950006553243625,48.322772366595096,62.16048768684933
33,2.0180092309601605,118.69733695389317,13.073246176468075,1.9254715491319112,-0.8829821715019082,-2.2357501928463313,1.259861955590138,0.49117977682925695,56.17261240819327,47.798490861240424,47.02980868247954,56.17261240819327
33,1.0022935434244573,76.33043043687479,9.057627723470322,1.5458245358912057,-0.8829821715019082,-2.785285751257979,0.6297946316937045,13.796724967582369,50.16752737303694,45.94956471230115,59.11649504818981,50.16752737303694
33,4.725888746324927,96.19269292316348,7.181281183462859,4.862384368133784,-0.8829821715019082,1.2875878653344275,-5.939352814986547,-0.12661353080256266,60.69494148173878,43.848731509101455,49.66147079328544,60.69494148173878
33,3.12179648084566,107.01745813075921,11.269965244440924,3.3786909533433254,-0.8829821715019082,1.6814083309695844,2.1870052931840513,-0.9485383365287381,60.24632774955839,50.050178898696934,46.91463526898415,60.24632774955839
34,7.72399305133149,129.6629499168377,11.637463030731668,7.595508764186509,-3.9620172956323763,-4.731477300433989,-21.43267206694016,-0.24148773321704686,58.54159205721519,28.87410229902525,50.06528663274836,58.54159205721519
34,9.01074001332745,90.76591307734564,11.701874114678379,9.586818277867586,-3.9620172956323763,4.033302800989175,-11.886435295583183,-1.5662061809546797,64.9607648290843,39.96443542477738,50.28466453940588,64.9607648290843
34,3.3522928413003683,122.7913240181664,9.21457061228119,3.373786489781613,-3.9620172956323763,-6.070965655466896,7.706521239675261,-1.3809355041125033,51.26890086027781,52.767255353603325,43.67979860981556,51.26890086027781
34,8.239442463964224,93.50657209657285,10.641281511243447,8.131557038732645,-3.9620172956323763,3.0512961039455817,-9.211203452162437,-0.4078136255335403,63.32726697472756,41.71411020896225,50.51750003559115,63.32726697472756
34,2.200328598264605,84.53473437907431,8.36176406277207,2.3870311057756157,-3.9620172956323763,0.20002770832292963,1.3856628882956297,-1.4523807865747584,52.33187816851551,45.064039910580775,42.22599623571039,52.33187816851551
34,7.661237383726984,82.98498252515938,17.277964436964293,7.6169528348751765,-3.9620172956323763,3.530958029587737,8.216057789840978,-1.3871793900613802,62.06092384694368,58.44752535468098,48.844288174778626,62.06092384694368
34,5.607078510802239,96.68352811933703,13.09321655643649,5.5046523423106075,-3.9620172956323763,1.716623499482807,-3.4803295095721456,-1.6368803921790622,59.15145322874682,44.286147407758165,46.12959652515124,59.15145322874682
34,4.234555377624929,99.6637795164408,11.987692122141185,4.524992253921153,-3.9620172956323763,4.437281593516967,-3.095077389645067,0.5486741316855512,60.52310870267858,43.024371767872466,46.66812328920309,60.52310870267858
34,8.38569788262248,95.15647257964045,8.219721064283409,8.305305073715306,-3.9620172956323763,-0.0032730285442333297,17.1677431355332,1.0192697031407174,60.61319439293441,68.2685632990478,52.12008986665531,60.61319439293441
34,2.8732058755122125,115.78334739588311,11.466433257669651,2.7041370910276137,-3.9620172956323763,2.5648700496034653,5.998278597149673,1.5107308749307997,58.629034544174054,50.48410835213195,45.99656062991308,58.629034544174054
34,4.707207006867975,102.84311748542798,13.640862020394636,4.4903391045965595,-3.9620172956323763,-3.313857985866358,1.0123094114552331,0.27601158111019664,53.65708487528563,47.698940524064426,46.96264269371939,53.65708487528563
34,7.808445333503187,98.4125858670119,13.556387080099208,7.252374171326738,-3.9620172956323763,-0.3245877429825571,-13.610975819535112,1.9386227006288517,59.924787948290074,36.79714128503633,52.3467398052003,59.924787948290074
34,0.8271683729253709,90.96168291200925,12.908184047045125,1.470022537151598,-3.9620172956323763,4.226905677965442,-0.004535023523407095,13.341575786191786,55.35365872104443,42.02604972835466,55.37216053806985,55.35365872104443
34,3.945175502449274,80.55976103106943,14.820104346103356,3.6840402260802945,-3.9620172956323763,2.124185545948847,-9.791632338126787,-1.084440886441776,55.95235495636254,35.98056096917996,44.687752420864975,55.95235495636254
34,0.9566140733659267,70.61010041940172,8.377871789807037,0.8044666696481926,-3.9620172956323763,-4.4692086447206165,-1.3933432852827532,-1.2047154943131133,44.77772098962629,40.79257630712398,40.98120409809362,44.77772098962629
34,1.333332359790802,103.20117595781755,9.795096517826021,1.3680295744106548,-3.9620172956323763,-1.8018342718452525,2.414891655640082,-1.461083795849159,51.156264860053085,45.05287319175667,41.17689774026743,51.156264860053085
34,2.2112617804668844,100.38003805166855,11.961664257366238,1.9516385947418589,-3.9620172956323763,0.38396362218423297,-3.8895845276333803,10.853998867859174,54.11346426827897,39.8019123132945,54.54549570878706,54.11346426827897
34,2.741195410490036,120.47534781789906,12.298607439360088,1.9345991273408092,-3.9620172956323763,-2.606927316633742,0.24611776587523926,-0.40732280118594155,53.76802466211183,44.573534962830905,43.92009439576972,53.76802466211183
34,2.990592496935278,104.36640712367284,10.935136259470129,3.1700234524339352,-3.9620172956323763,-2.3115964818724053,7.017870025947607,-1.7064813825189922,52.751737931184834,51.644563726637564,42.92021231817096,52.751737931184834
34,3.7478677253238857,111.95826551689134,14.395692252407105,3.957222989000751,-3.9620172956323763,5.08089847345888,-4.621344345842055,-0.6005985544201082,61.8121489999043,40.91407962891423,44.934825420336175,61.8121489999043
35,4.914524925407022,100.61479561563492,7.914808462210603,4.81607602954075,-4.18422088662292,-3.221238568222847,-3.7797251593506336,-1.2462853157298226,53.55345001720616,42.933483864514876,45.46692370813569,53.55345001720616
35,8.786026234738529,87.72513925561167,9.971378270373439,8.568207951865123,-4.18422088662292,0.6538777048011112,-2.9789822650969824,-0.6772917888277381,60.7854022254256,48.380028329966336,50.68171880623558,60.7854022254256
35,7.487298287451267,104.3446096474664,15.20783644276637,7.165825081554158,-4.18422088662292,2.5297454043394696,16.044942361678274,-1.4731964015844974,62.764743427404724,65.84547941999688,48.32734065673411,62.764743427404724
35,9.551860231440514,105.09680666951672,13.784700068314052,10.33364865163004,-4.18422088662292,0.6208070689150288,-14.197509838344699,-1.0682341715710217,63.40849912697241,38.080501552761,51.20977721953468,63.40849912697241
35,3.3192021306604147,87.7391090385485,8.96458887672407,3.2004471535022763,-4.18422088662292,-0.533443747262236,-3.564240830978571,1.3515582242177555,53.0392888267622,41.23458083919101,46.150379894387335,53.0392888267622
35,8.241627963725477,99.5687602715788,13.647056552304287,8.227466088841469,-4.18422088662292,1.9990604861967862,-4.95275435568858,-1.7437276216025897,62.66166918320232,45.75297831415908,48.96200504824507,62.66166918320232
35,1.3266538339667022,130.01172476667992,12.731124496016998,1.3695297197541239,-4.18422088662292,-1.4543050366880257,-1.1838459813982942,-1.7349021667988518,53.95463115411709,41.22391773273883,40.67286154733827,53.95463115411709
35,1.2469685380347073,83.06100905073066,9.338156663380216,1.1547203254166938,-4.18422088662292,4.738892300723403,0.6897168232907779,-1.1200676950934667,55.3571345648152,43.00185818230951,41.192073663925264,55.3571345648152
35,7.281097117811441,122.08267888104585,12.7191523089354,8.237125134049704,-4.18422088662292,-1.751641222820154,-1.7810140427857042,-1.693134971563083,60.009722320035245,47.772081611965106,47.85996068318773,60.009722320035245
35,5.484208285342902,96.59396625272646,13.785989219977386,5.479555347849822,-4.18422088662292,-3.486258343081395,-1.7146937979157435,-0.9663499818973171,53.56996733797982,45.68213525787282,46.43047907389125,53.56996733797982
35,6.085174127947539,122.23465894363014,10.009802008201373,5.649550365284106,-4.18422088662292,-9.992206013070897,-10.582172335176951,12.953087194950802,50.34924794820625,37.53581573173718,61.071075261864934,50.34924794820625
35,1.229467005468905,87.35420238269069,13.039343845171581,1.3549746787373358,-4.18422088662292,0.8287814205170683,3.527429950958977,-1.3231227779635664,51.85534117872591,45.818569470898744,40.9680167419762,51.85534117872591
35,8.764346989337355,99.00707008816153,9.52853310343342,9.20263555068216,-4.18422088662292,-3.031582019588221,-20.50608371751652,-1.3847510575815063,58.20212048980984,30.826911783065388,49.948244443000405,58.20212048980984
35,8.423488156404346,104.66850247536796,13.059453748644147,8.015930315743578,-4.18422088662292,0.1565492198445408,-35.65476746946984,-1.8865585910621598,61.54736436844364,15.26919743159246,49.03740631000014,61.54736436844364
35,0.46237813541665673,98.31114657544879,10.033916558088128,1.1307281918318806,-4.18422088662292,-4.683207194724124,-0.9131229731892286,-0.3088230076178464,46.518540338697825,40.45750990268784,41.061809868259225,46.518540338697825
35,7.070183285977691,109.88108258413968,11.248509031491501,7.180256674265056,-4.18422088662292,2.9152019101336197,-12.717026556620791,-1.7808093950072126,63.203309225097904,36.582972499929525,47.5191896615431,63.203309225097904
35,5.347910551354289,97.49707749835765,9.916529231000212,5.275163991463327,-4.18422088662292,-0.6788753507188667,9.218135156990561,-1.003174272807676,56.304104174119125,56.45140693199279,46.23009750219455,56.304104174119125
35,9.454572340473533,118.13310197740225,13.395334714860338,9.80151451276236,-4.18422088662292,3.340262113593759,-3.014737093382415,-0.5084033785121675,67.3148382332793,49.14652882856291,51.65286254343315,67.3148382332793
35,9.120299790520221,102.55629150826334,11.711102393161278,8.559181028025845,-4.18422088662292,1.5437041506357079,-19.992938319466745,-1.8318959470240426,63.55947216346339,31.767200542534603,49.928242914977304,63.55947216346339
35,4.5597851648926735,110.3862945436712,12.997086794278587,5.152705729814941,-4.18422088662292,2.813092728545338,1.5559871433764427,7.042141300915372,60.139243494160745,47.84350845462473,53.32966261216366,60.139243494160745
36,7.655204785987735,82.21679595161828,13.23467341975359,7.41848635852279,5.438591658620728,1.6738085776203282,5.676743327730325,-1.6440410594496724,69.52032557458817,65.30158072953634,57.98079634235634,69.52032557458817
36,5.050445795059204,90.12416063954434,11.990917717048971,4.69644509366945,5.438591658620728,0.633038351288081,6.4708607042438855,0.9207431523939167,66.14458102793428,62.96998731693566,57.41986976508569,66.14458102793428
36,2.025484829209745,116.34261923187327,11.81748727982045,1.8145102057459472,5.438591658620728,4.549755373742737,-1.4899453829185356,-1.525759558633402,69.05319075060248,51.37922807075389,51.34341389503902,69.05319075060248
36,7.171387223061174,107.63178911740992,12.799918749630674,7.183802185173245,5.438591658620728,-1.2996986175777723,-15.561920114295745,-1.7487406523352016,68.50773662045735,43.482336211998394,57.29551567395894,68.50773662045735
36,7.680769644211978,97.96140061599364,13.177803313098217,7.302163450874548,5.438591658620728,-3.8935244911714983,14.950739645417713,-1.6012276361580966,65.55813080210295,74.60625487709282,58.05428759551701,65.55813080210295
36,7.063770452514291,98.36825894564662,11.966243921226372,6.064182334415556,5.438591658620728,6.067588049644421,0.6510295415027356,-0.9444735490443985,74.81953014584695,59.566145743140616,57.97064265259348,74.81953014584695
36,1.916241361759603,111.32350240681961,12.837408364177266,1.9745259741612042,5.438591658620728,-0.8423141651546007,-0.7857745364167551,-1.1840992460307191,63.028117368259615,51.9523067563155,51.553982046701535,63.028117368259615
36,2.9789980105124414,96.64283017570051,13.601455929049676,3.3224793678874067,5.438591658620728,2.859715512515043,1.0655333509996074,-0.6865224763713182,66.53738780132075,55.07892262223527,53.326866794864344,66.53738780132075
36,3.2513126637786627,101.12432756409886,13.359786207655727,3.1673373506254894,5.438591658620728,-0.9189987299718717,-0.16817165195065217,1.1521455139326153,63.53360088159313,54.171995203204474,55.49231236908774,63.53360088159313
36,5.718762348406017,75.31067796775,14.619327845079079,5.878291956776276,5.438591658620728,0.7747860054695579,-3.8300403778499525,-1.6787378191347835,65.6069602789525,53.471066098857996,55.62236865757317,65.6069602789525
36,8.824915254954249,126.61014047732533,8.217571042261838,9.129366349433283,5.438591658620728,1.579597231463664,-11.62850896042472,-1.7849950548592137,75.26910124376202,49.39998100414111,59.24349490970661,75.26910124376202
36,8.77103376435116,111.48951873964862,12.689814669337906,8.384871111622486,5.438591658620728,-5.6524876938156385,-4.468333837679667,-1.36989955159883,66.46029635599133,56.495498338162456,59.593932624243294,66.46029635599133
36,3.8585253711789846,112.48431764516133,12.309525313289232,4.540226779064454,5.438591658620728,0.9928409968731291,-1.5417372300972028,-1.780872348179391,67.31009486542477,53.52708487393831,53.28794975585612,67.31009486542477
36,7.377721548546106,71.41813716290321,10.46711653614887,7.051396811884193,5.438591658620728,-2.830776549955959,1.8478535586062217,-1.2190674757963806,63.60289468321042,61.13971107548228,58.07279004107968,63.60289468321042
36,7.9631936410441995,99.68744985708378,10.494169913355954,7.983394914935514,5.438591658620728,5.7109636328142726,17.045003633679595,-0.40251538901681294,75.67413264639642,77.03942766155336,59.59190863885696,75.67413264639642
36,7.241614607628435,93.86599131327674,13.04854135130873,7.968948492319981,5.438591658620728,2.043712426781684,-12.193636331934105,-1.5271814190975994,70.5588407458842,46.934892855840744,57.60134776867725,70.5588407458842
36,3.854385889135301,79.35420540134805,11.28914940419951,3.947881131832615,5.438591658620728,3.665256691396087,4.748588505224538,-1.5118304288275168,66.66453195711398,59.81244323080763,53.552024296755576,66.66453195711398
36,2.981522826012224,110.91145561589884,11.479467005757783,2.9700069183425652,5.438591658620728,-0.8326907026997286,1.532075576881678,-1.8553784566745772,64.27487390872555,55.54849462671708,52.16104059316082,64.27487390872555
36,0.5747115239501,118.51196171855642,13.014416220063534,0.12056832617382401,5.438591658620728,0.25080017040819313,-1.5003289623129648,-0.9364476144543795,63.23024182962468,49.62791652504789,50.19179787290647,63.23024182962468
36,6.7369296425022185,91.701633911838,14.286410421103264,6.273978518130889,5.438591658620728,0.9967900593544797,-3.803188262602428,-1.3664459879660922,68.68986068016167,54.71971896702097,57.1564612416573,68.68986068016167
37,1.9799192692153156,96.56214733106899,16.1336350365884,1.7609829067600256,-4.623695985128229,1.1390857179113942,2.7530300241205796,0.26534305920612566,53.54750758894844,45.505237162050726,43.01755019713627,53.54750758894844
37,6.25107899075374,125.67192983383407,13.539732686170753,6.077649904384631,-4.623695985128229,-2.8746230119633007,12.991519073516141,-0.7010029103861444,57.570168775196365,60.869117877292396,47.176595893390115,57.570168775196365
37,1.3818284054286778,75.25288145054478,16.00399589101353,2.046822778962205,-4.623695985128229,-0.6821670366278334,0.6067809037712346,4.251542005023763,48.87761920981283,42.64127900515742,46.28604010640995,48.87761920981283
37,3.730785206425935,111.16331178156727,14.543241817455531,3.5055328658501397,-4.623695985128229,-3.674837876242062,-0.7862778699021753,-1.8520320271345274,52.29473956449756,44.06696839268072,43.001214235448366,52.29473956449756
37,3.1408983282744884,95.28968014028626,12.667040491700595,2.6826774302559433,-4.623695985128229,4.404516516993391,-6.4849437689599965,0.8082396542715091,58.078866539823174,37.66043823984116,44.95362166307267,58.078866539823174
37,8.151848998386413,98.27033737893319,12.508145352181057,8.435565528342108,-4.623695985128229,-0.6796454047359648,-32.68304812070784,-1.3457458621289071,59.30591114609282,17.47547469222763,48.81277695080656,59.30591114609282
37,3.68318096967414,90.83538485841791,15.861828544255836,3.7472748468277772,-4.623695985128229,2.113254285285773,2.4819659043560582,-1.6792566594942144,55.99291394960831,47.2780870828368,43.116864518986525,55.99291394960831
37,4.396441262215376,116.45043068528565,9.974140265176,4.4417822997399705,-4.623695985128229,-0.43858146505321344,1.398178143479014,-1.4389254388918213,56.858495133005576,47.05021167300924,44.2131080906384,56.858495133005576
37,4.390580274630338,83.09248583374362,12.128888880786414,4.988665677063731,-4.623695985128229,2.3078429248520753,4.7403090988274945,-1.1478830089506216,56.26209185265461,50.38530944325567,44.497117335477554,56.26209185265461
37,6.018282857257873,114.43914238657445,12.38474778271571,6.4275775076823285,-4.623695985128229,1.0957078141958274,13.458108572265598,-1.528598776534119,60.137865496434486,61.05635201584681,46.0696446670471,60.137865496434486
37,4.039069362916052,121.09696024347832,7.319951074790546,4.508854011124112,-4.623695985128229,3.1390072561424187,5.232578816351888,-0.326877755972933,60.47189053086129,50.45576606672292,44.8963094943981,60.47189053086129
37,9.583182809874415,75.3752573665045,11.296468197935516,9.4853813071021,-4.623695985128229,2.7292285167551222,-12.282086740905472,-1.8158813484529193,62.14287764012664,39.5940366458156,50.06024203826815,62.14287764012664
37,9.707679636776447,83.09643711176153,12.693181877364783,9.640906784374128,-4.623695985128229,1.4544519073205833,29.147943751205997,-0.9066457345181032,61.78961519750024,81.1734633302095,51.11887384448541,61.78961519750024
37,9.14528023218736,108.87318220753635,6.342117882587111,9.111634030528885,-4.623695985128229,-1.1977481627585036,-13.074616842809663,-0.4794224863418637,61.04021035149173,38.27602345068694,50.87121780715474,61.04021035149173
37,0.8287370833568275,85.65536320741096,12.735745407169047,0.49813777202853604,-4.623695985128229,-1.3351523346721472,1.470328598819042,11.09071867728987,48.601172500968914,42.84111711371901,52.461507192189835,48.601172500968914
37,4.768596109934151,89.6270517048041,11.429031867763126,4.292797371989878,-4.623695985128229,1.6851350703162975,8.357519104001035,0.8943058386490768,56.74645958758946,54.45613845079379,46.99292518544183,56.74645958758946
37,3.3913526590913534,93.31970848972959,12.885466520905895,3.5486934034837434,-4.623695985128229,-2.3925226925955503,0.20967475463506818,-1.7819641780525644,51.385375362158804,44.65560196041646,42.66396302772883,51.385375362158804
37,6.7343581398017704,94.83273657510148,13.435342260091721,6.662044682540648,-4.623695985128229,3.4782105375871444,9.256117643552987,-1.7202277525683605,61.41901797773119,57.713651426186885,46.73730603006553,61.41901797773119
37,6.364859452005476,110.55547277869184,14.847790172652186,6.3657348125228275,-4.623695985128229,1.888052864167395,-9.201397961307768,-1.171948054960271,60.957735499314914,38.81273739597057,46.842187302318074,60.957735499314914
37,8.592781145125628,90.95491352808611,8.629217687725333,9.065888060215173,-4.623695985128229,1.4819104680912352,0.2075994864676782,-0.3654215951275628,61.26504320992237,50.8952408754902,50.32221979389496,61.26504320992237
38,9.48284424841404,101.34025618622022,12.083458632464149,9.207314232924025,1.0433726311854818,0.21366730968795677,-24.35289635236131,0.8869041256379651,67.7704786575923,33.069889376921026,58.30968985492029,67.7704786575923
38,5.739670658949763,111.06241955829857,10.734112339299374,6.525114130024527,1.0433726311854818,2.9108700779502312,1.2895004638228562,0.8152435465138457,66.94808945570529,54.22047788574805,53.74622096843905,66.94808945570529
38,5.352690555155277,76.89430833142343,12.060198492863718,5.175926385985043,1.0433726311854818,0.9301057549048768,-4.22135522756528,-1.1511253315706669,61.08613788541904,48.245246069806534,51.31547596580115,61.08613788541904
38,9.416944428812712,89.65551561026787,11.741712847869225,9.729347608838228,1.0433726311854818,-0.41864568745892344,-9.639532984696343,7.469218720934139,65.8906118193286,47.704172961064394,64.81292466669488,65.8906118193286
38,8.923551521729678,112.89690190314145,9.648201428534655,8.469804528890268,1.0433726311854818,-0.9789334026784069,-11.109674759243724,-1.5819729597863115,67.06239124489683,45.641959698017374,55.169661497474785,67.06239124489683
38,4.10306338686496,94.35220388986342,8.386361239602014,4.212279942652534,1.0433726311854818,-0.3564285205353145,-1.4702673628209542,-0.8843296159305329,60.045840563874464,49.49678133260248,50.082719079492904,60.045840563874464
38,0.5003074742853642,61.97374794542156,16.240627449001554,0.19482485092938728,1.0433726311854818,2.6806766797366897,-1.3164833808509353,-1.0873548699913016,55.52179307460677,45.32725821947699,45.55638673033662,55.52179307460677
38,7.782692946493626,87.13286157074187,9.351188633277651,7.48764975289792,1.0433726311854818,0.6333435319800187,-10.381191919556818,-1.6301798087899062,64.72923385603204,45.001412247421015,53.75242435818793,64.72923385603204
38,9.259613896720111,112.24039610389244,12.550043186532331,8.756983440349558,1.0433726311854818,-1.4663393815061716,-6.707608581278068,-1.2030647649305592,66.91260953613268,50.44730072597155,55.95184454231906,66.91260953613268
38,3.7747720791958272,93.60116636161337,9.782273633467593,3.7679441209554483,1.0433726311854818,-0.6611157753151409,4.958785160307509,1.5643206565694288,59.272099987066674,55.53188428652798,52.137419782789905,59.272099987066674
38,2.449209946207702,93.9304473993748,15.015481009876275,2.753434166556376,1.0433726311854818,-6.888737340307537,3.617663789773486,1.0224593089845617,51.48673196626467,52.600088356408214,50.004883875619285,51.48673196626467
38,0.8763590850867331,97.81346163606293,8.465402440671108,0.8076287189890925,1.0433726311854818,0.8307368287036275,-0.05566232960595247,-1.7178143125090188,57.707086525599486,47.03934120368361,45.377189220780544,57.707086525599486
38,3.9110849681310356,110.79199552101055,10.2228154523027,3.8049796104265363,1.0433726311854818,2.9214488021906697,2.7747759424301486,-0.5750052658565545,64.73732294723446,53.51145053537287,50.16166932708617,64.73732294723446
38,1.8256142525933683,92.6336387167101,9.561897226768036,1.6560158538440846,1.0433726311854818,-3.409782782455677,2.7385594101412436,-0.21493034159383573,54.08769082351286,50.97266914443877,48.01917939270369,54.08769082351286
38,1.3362478464841843,107.13937657627748,12.100562732553978,1.6119566937962981,1.0433726311854818,0.28824640455530715,-1.5712755435106813,2.687355197692659,58.64905410914957,46.075594503455825,50.334225244659166,58.64905410914957
38,2.5746291340328753,108.59730502079012,11.018374096926708,2.994809305656937,1.0433726311854818,-1.4560492084473389,-0.7928096534069258,-1.5122800457373646,58.536608885656605,48.34011793861801,47.62064754628757,58.536608885656605
38,5.532470478210598,84.71710633426528,16.77011991693261,4.654860479597165,1.0433726311854818,-2.365197080436081,3.427229547318135,-0.36169814456918314,58.788850758028644,56.109566752356336,52.32063906046902,58.788850758028644
38,1.4806927647441626,99.0719164834545,11.991223746058436,1.279506539425129,1.0433726311854818,0.26351956229335616,1.393657635755633,-0.9027496941568909,57.990915159517286,49.21386158463411,46.91745425472159,57.990915159517286
38,9.628968241158873,91.92542347593323,14.663380710922551,9.981095888174185,1.0433726311854818,-2.227037808754799,-7.064811398713075,-1.7541784180531426,64.56363905941464,50.533323121863056,55.84395610252299,64.56363905941464
38,9.445228788536042,106.25432089166146,13.641617338253308,10.06456992031248,1.0433726311854818,-0.23207011961434404,7.385751038931994,-1.2011412346796861,67.77100914698052,64.76339821636073,56.176505942749046,67.77100914698052
39,9.922857941128314,77.37585015804635,13.371358061050444,10.1540604146996,-6.23294590022266,3.9698184436594395,2.681813933277871,-0.9974151405856937,62.3818870885954,53.35629756240919,49.67706848854562,62.3818870885954
39,7.062105706427246,123.08754891651208,13.031761895752075,7.009772172313858,-6.23294590022266,-5.104385754825396,-5.7726986407737595,-0.4474820336270515,54.44595008431585,41.468882306716274,46.79409891386298,54.44595008431585
39,1.4077835576608777,120.19027132893994,12.547603694380868,1.6509263684231967,-6.23294590022266,-2.020434373579789,-4.722306257651593,10.843165248677835,50.4549871282846,35.7340881113188,51.29955961764823,50.4549871282846
39,0.08982624160125852,87.35716333747712,10.573328181531718,0.17683439655827932,-6.23294590022266,-1.2891201367776464,0.9742564836680241,2.9631437594037875,46.32144178666891,39.84910207336687,41.837989349102635,46.32144178666891
39,6.864955385681242,89.95188658288512,11.313911709818818,7.075431874947789,-6.23294590022266,3.7436065320487546,7.96431077387671,0.9154863950875727,59.743795752932094,54.96931133647154,47.9204869576824,59.743795752932094
39,6.81218191748485,86.37268827780817,12.937959065157846,6.996973732665359,-6.23294590022266,2.6516397950692503,9.570534257675835,-1.3730549753313033,58.230581023609226,56.51220665843499,45.56861742542786,58.230581023609226
39,9.17510882485658,97.95189037303459,7.048334967932639,9.776705307456934,-6.23294590022266,-0.17367585389357224,-5.591931278484639,-1.1311409739878164,59.398697873015124,44.1852534111206,48.64604371561742,59.398697873015124
39,4.084212142042816,92.48443055063123,8.289117423054012,4.225415983070903,-6.23294590022266,-3.6819730603334406,8.100271113956042,-0.9976900464281864,49.2345786649584,51.76837978418476,42.67041862380053,49.2345786649584
39,4.224393900949508,101.689576702246,11.158984164213242,4.064832939055615,-6.23294590022266,0.8256098634993352,4.130071100806633,-0.310420220131427,54.83089431464069,47.96639788172338,43.52590656078532,54.83089431464069
39,5.373200818430632,71.8717365535859,8.267924865571644,5.782624658246731,-6.23294590022266,0.3067971679202917,8.777921156477124,-1.6565285314320826,52.708865905172985,53.99281623837122,43.55836655046202,52.708865905172985
39,4.136464630719274,102.37820071687472,12.227009401478403,3.8161162664886596,-6.23294590022266,1.505340618208776,0.2655327078808638,-0.19005226312127732,55.47397234653672,43.996344364521335,43.540759393519195,55.47397234653672
39,0.9764465852640569,100.23344006896006,12.940037354247064,0.8573345237031375,-6.23294590022266,0.006900681481331427,-5.608072068377509,-1.6427823745125738,49.96903469047155,34.3307179337167,38.29600762758164,49.96903469047155
39,3.802676403429359,75.990948081098,13.769188320266462,2.842238530454045,-6.23294590022266,-4.208407472174402,4.29542853660844,13.70497686207463,46.72095311982797,47.62569432050101,57.0352426459672,46.72095311982797
39,1.9800057751126587,104.13959633754935,14.227219985860353,2.0576050666729464,-6.23294590022266,-0.8623514943810532,-1.7137337198288731,-1.151985978741045,50.69466916928641,39.42932731008366,39.991075051171485,50.69466916928641
39,7.250242263544351,100.82428959806361,13.133700858643238,7.502461761938687,-6.23294590022266,4.505136904607089,-13.039294511121327,-1.3446337885786868,62.05491068044402,34.428050304909235,46.12271102745187,62.05491068044402
39,0.11009040987119079,96.54139967954113,13.09204568522257,-0.5788486870666042,-6.23294590022266,-5.012244815359559,-0.6483474682454506,-0.8606387183028417,43.541057744217326,38.25081512337732,38.038523873319924,43.541057744217326
39,9.188577600289136,99.80175564094164,12.479685210458321,10.204196165142996,-6.23294590022266,0.4536937752604317,45.832802302989656,-1.6497830560789306,60.227216559478904,95.62614952311395,48.14356416404537,60.227216559478904
39,9.002287341281772,105.7742379403349,12.068270687646168,8.629476280187127,-6.23294590022266,4.762860873233623,-53.06734570397079,-0.9545741077824151,64.91008357658258,-3.497546794655321,48.61522480153305,64.91008357658258
39,7.541538644582033,105.20085575501868,10.383817561399628,7.024727521326351,-6.23294590022266,-1.3596905392502712,-8.927243057805628,-1.5716314932033955,56.97729550952737,38.889657415470154,46.24526898007238,56.97729550952737
39,9.519218150526285,93.5258085913206,16.455264646455834,9.38756796284671,-6.23294590022266,1.5148862155807494,35.521658387540505,-1.5936343639005828,61.057582955121696,85.71177426794938,48.5964815165083,61.057582955121696
40,6.255870922468603,117.25267058993055,10.41495174257309,6.375591800206497,-0.028561817252036742,-1.4417188835103674,-4.2213799871731625,-1.0413682400305448,62.76203146519297,48.25710330253712,51.43711504967974,62.76203146519297
40,6.559505211189389,99.45201710668181,15.394561064703842,6.383430176464476,-0.028561817252036742,1.2317958120317245,12.704125148412912,-0.5503999467151122,64.01984195887513,65.54696958458814,52.29244448946012,64.01984195887513
40,3.8137561758048832,97.96297867395154,13.87784961458095,4.012529840786967,-0.028561817252036742,-3.9993134711003964,5.313616513764496,-1.0031900368619695,55.34492999000858,54.86156210747831,48.544755556851854,55.34492999000858
40,0.6560563528910279,114.16927068466784,16.070589916576086,0.2998280110503919,-0.028561817252036742,-1.863378325588228,3.448506790791107,-1.6972346395921505,55.31225454909575,49.2072125970083,44.06147116662504,55.31225454909575
40,6.908808504231274,114.88062042505095,13.463252773056606,7.201464437283727,-0.028561817252036742,3.2072044644714106,10.185710189906354,-1.531856742736772,67.957274894802,63.44771857773184,51.73015164508872,67.957274894802
40,1.2748386734165251,89.4899536754665,11.16030531880925,1.3256372582184435,-0.028561817252036742,6.860148809149396,-3.5139811771560834,-1.4245727161946014,62.310388767543834,42.98726341369171,45.07667187465319,62.310388767543834
40,2.913185185752809,85.13411992248109,11.380512986297802,3.6688021201797842,-0.028561817252036742,-1.2757664291067725,-6.536994134032642,0.8612769203485333,55.704905968792666,41.93026627161869,49.32853732599986,55.704905968792666
40,6.3222089083865285,89.41572921011772,9.27864705106737,6.474115985908351,-0.028561817252036742,1.1234507310861945,-21.627150988338638,-1.243930052642873,62.62311252490976,30.930937884473156,51.31415882016892,62.62311252490976
40,3.900239977519959,82.36336160007676,14.075428620769156,3.882313531925087,-0.028561817252036742,3.641371329926081,-5.269161046651531,-0.5988724855736685,61.529433645705666,44.38256510912038,49.052853670198246,61.529433645705666
40,0.7042565988376737,73.2820457238952,12.092435654567472,0.7586741895746547,-0.028561817252036742,-0.6726634951964241,-3.838057832537488,-1.4028868270855797,52.47208717854627,41.97848826881568,44.41365927426759,52.47208717854627
40,8.635729309171438,104.65911282757587,11.884453289446487,8.855839923472466,-0.028561817252036742,0.4366994958239984,-7.7349946356884764,1.7701123769855414,66.23692413233528,47.599318718065206,57.10442573073923,66.23692413233528
40,3.851902070455253,97.82334458575853,12.153478141399402,3.5286699114416193,-0.028561817252036742,2.270411008669191,-5.559848966579926,-1.6496678303586605,61.64646613453931,44.033871700714336,47.944052836935604,61.64646613453931
40,6.707601337693632,109.63824630538686,10.732717671787483,6.304802924686074,-0.028561817252036742,-7.1490167612159965,-21.727823776093953,1.3899737199829054,56.835367657303,31.292736011886365,54.41053350796322,56.835367657303
40,0.21196302259340882,99.97510956548044,11.153173075742034,0.5552439295040579,-0.028561817252036742,1.88168622832945,-1.9518104226997475,-0.4892682611547614,57.10499099473754,43.2739833871603,44.73652554870529,57.10499099473754
40,5.952287607360631,106.13744443116028,13.553382014087033,5.9860541449841245,-0.028561817252036742,-2.6084594979877016,-4.614314697791792,-1.2392332396614847,60.11946825670904,47.49986861378893,50.87495007191923,60.11946825670904
40,2.7624116116203368,92.55912779034779,14.621814472931211,2.1696949070600082,-0.028561817252036742,0.32617002432682485,-0.686197197648028,-0.6086128052191522,57.86841492005397,47.600134919044336,47.67771931147321,57.86841492005397
40,3.991269050166011,85.59838061648252,12.116602612535267,3.605218403686211,-0.028561817252036742,-0.9665933188913423,-5.901595712168091,-0.17517551570769463,57.35420578570408,43.859365330779085,49.58578552723948,57.35420578570408
40,1.458154295105487,111.6719833685565,12.490796714518885,1.49959435327387,-0.028561817252036742,-0.22951385000909452,3.1399060184059593,-0.8931014865728506,57.6589078237211,49.861129355280504,45.82812185030169,57.6589078237211
40,8.240817284677178,111.41680924491762,12.464649436754229,8.711746750843337,-0.028561817252036742,2.7647505805937134,-3.6184511258171157,-1.6600107420676817,68.76685042944605,51.241967798543456,53.20040818229289,68.76685042944605
40,1.4040988264605403,73.99431724175149,12.377551799450929,1.4811254084185996,-0.028561817252036742,0.9660098974670625,1.902550413384711,-1.6004765827677119,55.02179839614282,48.55890718788532,45.055880191732896,55.02179839614282
41,9.090475151315331,113.15941977740135,11.516368224028962,9.087579515801453,2.2708889101465877,-1.5373176610192623,16.990879654941903,-1.4350366385358084,67.95808340844586,75.17033874666689,56.74442245318918,67.95808340844586
41,8.999248114414513,73.39942841599458,13.144272634248857,8.814323909110811,2.2708889101465877,0.3427408452293224,21.145185311365097,-1.6998504753215695,65.75267033427279,79.2151719588091,56.370136172122436,65.75267033427279
41,1.9234925392083824,99.31469013533268,13.411583595374704,1.633737524949394,2.2708889101465877,2.691907714441969,-0.26439228238632145,-0.8697748955577445,62.20245668517188,49.31468767481032,48.7093050616389,62.20245668517188
41,5.322902637999505,94.07691619023791,12.409799207988065,5.067295870049006,2.2708889101465877,1.5859855927285587,0.07268394149483995,-1.6917226126710174,64.65204928749834,53.73105601724083,51.96664946307498,64.65204928749834
41,5.221247405279428,98.07915600368473,13.104206760223304,5.398904414846734,2.2708889101465877,-4.37235739594686,-8.04062781324928,-1.5877912561786154,58.97194400090352,45.49575798323262,51.94859454030329,58.97194400090352
41,1.6033573099412024,116.44356597829926,10.862257379284443,1.369735614669896,2.2708889101465877,-8.865233821031945,1.6493418957398756,-1.703504316435641,51.974040458874015,50.844259577815905,47.49141336564039,51.974040458874015
41,5.1956701767630875,81.17173209070143,12.385435511197764,5.270176315865283,2.2708889101465877,1.1376241558347508,-7.6806867320485575,-0.336140816623957,62.76049048716719,45.82500639021374,53.169552305638334,62.76049048716719
41,2.24503509234637,96.01774458055158,13.24269444322195,2.1248980068540804,2.2708889101465877,-1.0942544193942951,1.4441760533430192,-1.421896056318721,58.4724510596231,51.409107074305254,48.54303496464351,58.4724510596231
41,2.815119903534651,138.29953735060383,11.78556877673492,2.8790000690363238,2.2708889101465877,1.2151325414461807,-0.9675999663506678,-0.9676990522994722,65.69411907089473,49.6814328280375,49.6813337420887,65.69411907089473
41,5.036875798832625,77.82540541074219,11.751848160883846,5.444873833016512,2.2708889101465877,0.9412605711699576,-10.69673608049471,-0.970277473555568,62.03894098098991,42.61840378825103,52.34486239519017,62.03894098098991
41,1.589606488123536,90.60118647653916,11.069956306290752,1.9089472396065696,2.2708889101465877,-1.4000445268482553,-1.2264663336064439,-0.9984147881620264,56.83849081670049,47.951950362288386,48.18000190773281,56.83849081670049
41,9.206307393033057,99.38421966487914,13.146815524973874,9.188671284400545,2.2708889101465877,1.1193179905178918,11.634443275146051,-1.5591230198407235,69.37619773879204,69.9529010569323,56.75933476194553,69.37619773879204
41,4.990294596645981,102.99929829748658,12.509872163435857,4.59341722400395,2.2708889101465877,1.7310488076825,-4.0499046729803165,2.2955730453383785,65.29022106355292,49.20933775314145,55.554815471460145,65.29022106355292
41,6.153440771158785,92.00041599208936,17.344288402407848,6.38378178026633,2.2708889101465877,2.892271602928097,6.809261259081794,-1.615170026445757,66.74733103767416,61.464279094618924,53.03984780909137,66.74733103767416
41,7.439308769535273,96.00951523473984,11.731009964675753,7.493621264655483,2.2708889101465877,0.30002929630239195,-13.876105571820744,-1.3338256392111498,66.09904025336529,42.32195386176817,54.86423379437777,66.09904025336529
41,6.1681821080856025,116.26221721178001,12.22314812365181,5.7633493238569145,2.2708889101465877,-2.623362900337374,-0.7021887027280102,-1.603394837484627,63.675566260689926,53.9705187371213,53.06931260236468,63.675566260689926
41,9.301410459447652,97.28881780562433,9.97999462543013,9.703019724981976,2.2708889101465877,-0.5961046454374767,-43.93242137231054,-1.6880776598128295,67.56535859660872,14.500160089173228,56.744503801670945,67.56535859660872
41,0.8037846605293453,103.7733297906735,13.775759602632096,1.1542230153287556,2.2708889101465877,-3.711117373739901,-1.1859394589611456,-1.364906360282796,54.90164610810925,47.04949104382066,46.87052414249901,54.90164610810925
41,0.2812119107693434,105.54313352732339,11.385564881722036,0.004024664464985228,2.2708889101465877,0.4125700662419068,-1.3824795508152634,-0.8807843934155517,58.57522662204404,46.22586365225454,46.72755880965425,58.57522662204404
41,5.415284687187523,106.1055138908465,12.266329985272753,6.488008480542239,2.2708889101465877,-4.300215853419328,-4.113771463185651,-1.867873408931178,60.079566070436925,49.655459071585966,51.90135712584044,60.079566070436925
42,2.4120256886817515,107.38757528868673,13.890652739360805,1.156428437094385,4.44417674770376,6.345150298682175,-0.7221101878087952,-1.3051352940724854,69.42251540167271,51.616497386313064,51.033472280049374,69.42251540167271
42,6.448375219479203,100.81948868578462,15.051373459698079,6.706757861680425,4.44417674770376,-5.633862928167352,3.060336401451239,3.7859402298424643,61.63031295148992,60.24256341253004,60.96816724092127,61.63031295148992
42,3.777367991860956,89.36988885757134,11.505098863611712,3.585123938318441,4.44417674770376,-0.36617274257924615,-2.6210617060468553,-1.1549500604190623,62.54783448111479,51.35595663189005,52.82206827751784,62.54783448111479
42,0.46853686682879925,99.12593871334678,11.28679259779138,0.5456598243031476,4.44417674770376,6.072533722825046,1.1658187281652541,-1.7188113066430848,65.99154858205804,51.17223971606357,48.28760968125523,65.99154858205804
42,0.48140499275177717,85.54867266643741,12.415936815139906,0.061702528350121244,4.44417674770376,-3.2632390783679925,-1.5239088223411803,-0.5597412611057839,55.313490927281634,48.49795391666471,49.462121477900105,55.313490927281634
42,9.628426923882216,101.40089944908812,14.418506694890898,9.530086176175596,4.44417674770376,-2.5466388392179224,13.538855752450464,-1.831801287710629,68.59174016205331,74.53714480881288,59.16648776865179,68.59174016205331
42,2.2646675049327314,94.78148299811338,12.233117774148413,2.0191757885284702,4.44417674770376,-6.1706237222597355,-1.4097207944513757,-1.4150694588583534,55.46930233117464,50.75205695917166,50.74670829476468,55.46930233117464
42,0.11393569642677903,98.22498342781677,12.384132386881857,0.3130125119854743,4.44417674770376,-4.558415001569173,2.9201251459282846,-1.4686964658290211,54.8449829246284,52.501024729344174,48.11220311758687,54.8449829246284
42,2.1847563819028437,83.51363564237623,13.573232218984888,2.3674930850071907,4.44417674770376,-3.1345414872872244,-0.2003534753746641,-1.820955237284265,57.28270648293757,51.86553093061251,50.2449291687029,57.28270648293757
42,0.559375686571002,95.75385381366652,13.47968137942177,0.851525302508956,4.44417674770376,-4.758646225459597,1.2288790593895234,-0.7164630936193206,54.93216672749601,51.34430663097848,49.39896447796964,54.93216672749601
42,2.349721468053758,83.65397990731584,14.173384062896679,2.5095289933277622,4.44417674770376,1.128689146150806,2.3313085021227313,-0.2092104107545112,61.75792964625066,54.595151011491,52.05463209861376,61.75792964625066
42,4.026962700299919,93.91501683850207,8.094385400610275,3.992507585452931,4.44417674770376,4.417618355808592,-2.2957275821710117,1.459896895355891,68.08565202772246,51.98080440589265,55.73642888341955,68.08565202772246
42,0.143044360447675,107.90360889396645,9.635146346950922,0.10449194069855408,4.44417674770376,-2.5638317641478947,0.8912489619613683,4.571695341211059,57.84235910548972,50.507078942202334,54.18752532145203,57.84235910548972
42,3.6176316835917532,103.60629972663244,9.638643044161945,4.36312521252769,4.44417674770376,-3.3834595388430646,-3.5557586001702197,-1.3982991014378863,60.76250520183405,50.22957616784364,52.387035666575976,60.76250520183405
42,5.8449973980896175,113.4754368587405,12.753962203752131,6.185510794521033,4.44417674770376,3.5076625524672442,9.348477963699423,0.6255677057275395,71.31337986375259,65.80665158911071,57.08374133113884,71.31337986375259
42,6.057937382720411,107.31952190403214,9.286417918633468,6.034223197985769,4.44417674770376,-4.4113479087609155,7.650132234491565,-1.4159943417557668,63.03430588861055,64.36383384145981,55.29770726521248,63.03430588861055
42,2.6371861319057643,101.67987047796308,11.542783456648701,3.237453943973736,4.44417674770376,1.0463523920904274,-0.14566879022644597,-0.4807782430335661,63.82313954587741,52.46313131576423,52.128021862957105,63.82313954587741
42,6.751486770808697,114.97470020704328,12.846513129809365,6.9318959474231905,4.44417674770376,2.3161326597793397,-3.5515034466567283,-1.5661431685884883,71.35956355315787,53.99445742601746,55.979817704085704,71.35956355315787
42,9.35806215973571,117.87575213130131,15.88181651932924,9.318236946734087,4.44417674770376,6.160276246489579,-39.59423078385494,-1.0167502454049768,78.62170279900633,21.07962055553167,59.65710109398163,78.62170279900633
42,0.035914063919335604,79.00918649314431,11.517961303865324,-0.37249694193285426,4.44417674770376,1.4035502664224917,0.4654261421020843,2.4909024092495367,58.791742540143886,49.95269976650904,51.978176033656496,58.791742540143886
43,7.869711748789996,113.38221604970158,11.958058856139015,8.008354550902002,-4.4773789207332335,-2.488886982281765,12.999746546359333,-0.5073184685346435,58.81560980050316,62.9660217241741,49.45895670928012,58.81560980050316
43,8.069331469014287,111.66938455511209,12.471294112593968,8.27625143948452,-4.4773789207332335,4.039579053718428,-18.162971990973638,-1.313935909180187,65.41233635131356,32.042846851110276,48.89188293290373,65.41233635131356
43,0.7303838455118239,114.12871774520426,10.809310368772946,0.47439148144845217,-4.4773789207332335,-4.859637740064569,1.1826300640105982,-1.8564917504194842,47.952315728336814,42.581711757891554,39.54258994346147,47.952315728336814
43,5.669993036426604,86.36795931548346,5.600883132488428,5.270711552035778,-4.4773789207332335,1.6383939271910004,5.741398974852933,-0.6619200838262882,57.60180258171805,53.06801169783163,46.664692639152406,57.60180258171805
43,5.3919084602966905,136.13396266714318,15.022556943254198,4.860182040381205,-4.4773789207332335,0.27326945417867426,12.906241531106144,8.114898729021121,60.87957695251579,59.899152762728946,55.10780996064392,60.87957695251579
43,1.3767515518702567,61.08624738537875,11.312825993034465,1.0273186344551284,-4.4773789207332335,-6.941399742719032,-1.7541647428671518,-1.6012338792200613,41.34194793732992,40.420558198643924,40.57348906229102,41.34194793732992
43,2.763326489366591,100.10294556271141,10.566141769403862,3.191745239250133,-4.4773789207332335,-0.2039811950098711,1.207587962089952,-1.2557334852706594,53.64492622776794,45.04620082859663,42.58287938123602,53.64492622776794
43,3.518435067962855,101.77160003392504,12.575818294594962,3.705686860831842,-4.4773789207332335,1.1944598533482504,-8.471227977621021,1.2049892678125456,56.116363017562946,36.27351518320118,45.94973242863474,56.116363017562946
43,8.1280523631721735,97.75454010384865,10.76505448751135,7.757123645936244,-4.4773789207332335,0.048563450764620535,2.1173233086087717,5.262376297133748,60.10030137622286,52.39360722368215,55.53866021220713,60.10030137622286
43,1.7154134809970856,111.21809931794752,13.84033481382491,1.0826872123293256,-4.4773789207332335,4.626019159805233,1.6232391352195823,-1.5297857885039015,58.32894634806325,44.20435639168286,41.05133146795937,58.32894634806325
43,5.211620926856995,101.86052210348244,11.091798669528963,4.098024083073098,-4.4773789207332335,-1.353213473146907,8.560379627540973,-1.4003295674355458,55.60940492869649,55.33694581903614,45.376236624059615,55.60940492869649
43,7.646228424273431,88.32917879181024,13.711522649009371,7.271590335763068,-4.4773789207332335,-4.161806448245179,-16.881049292918444,-1.8093789809078973,54.36920661933073,32.81704589547644,47.88871620748699,54.36920661933073
43,2.887556473724544,121.1504995823833,11.532914324822345,3.078706486458043,-4.4773789207332335,-0.849051537873553,1.764608556516577,-0.6349373825596292,55.253687268101004,45.7522974042528,43.352751465176596,55.253687268101004
43,4.367783160414547,95.59132287655213,10.043257042204091,3.8896665830053827,-4.4773789207332335,0.5200335831730178,-0.1960761247870838,3.014373808151105,55.84312674259246,45.56788474697714,48.77833467991533,55.84312674259246
43,6.694507577922195,109.16017967508063,13.474431927067767,6.8166282423018405,-4.4773789207332335,-7.097459668901028,4.370211966191741,-0.9486192635355469,52.374588471380434,52.926242138965144,47.607410909237856,52.374588471380434
43,0.36923782201483846,90.00234880205106,16.88320724936093,1.0623024745259557,-4.4773789207332335,-1.1466964549053016,1.780261178893559,1.062453488047985,48.81924489098437,42.74596764457814,42.02815995373256,48.81924489098437
43,5.606463490985334,84.10175682594252,10.015014697020161,4.741198263586946,-4.4773789207332335,1.9156799638952262,0.43752859440248587,-0.7706602950930141,57.57623291493864,47.68790586285166,46.479716973356155,57.57623291493864
43,9.323832371737808,90.91241951256528,11.118527710989335,9.275904571741842,-4.4773789207332335,-0.28103466228185525,44.904592035464745,-0.4377992771987267,60.52142721432682,96.61581196081688,51.27342064815341,60.52142721432682
43,4.346224919427186,84.14737868718814,9.661224935404523,3.956013951499987,-4.4773789207332335,1.777322149342297,-4.094401075049792,1.5310332273161433,55.93015100064051,41.643689907529605,47.26912420989554,55.93015100064051
43,9.362326168920845,107.99659709012441,15.183975978900769,9.745439954191147,-4.4773789207332335,4.611485945524771,36.01237369377836,0.19448127578526875,67.168558136509,87.76978617575014,51.951893757757055,67.168558136509
44,9.783026280347258,76.71861078028864,12.25454943344195,9.78500529414765,-2.9813427572893136,-5.474348296978993,35.20273258636343,-1.820513973748014,55.95580156017727,88.96102136549084,51.937774805379384,55.95580156017727
44,6.7676228866912425,85.32265802037134,7.345802688857027,6.909304725109808,-2.9813427572893136,4.260258964614354,-18.16323304447709,2.4855719823727718,62.93232947339166,31.97657166226309,52.625376689112954,62.93232947339166
44,2.9826889536343515,100.40827532739966,7.6064501653453656,3.0531713552515987,-2.9813427572893136,2.173177135891434,-1.11550215881031,-0.8524930056375559,57.811888655703314,44.4823818282616,44.745390981434355,57.811888655703314
44,2.0825339457951486,74.2664152450436,13.878330528856916,2.1748067660092922,-2.9813427572893136,4.15782179346232,-3.1169536464781196,14.111502123224385,56.10216129563155,41.40074433118674,58.62920010088925,56.10216129563155
44,3.188964289147407,92.42667960260937,12.598324311145335,3.320723211535657,-2.9813427572893136,2.0181608928160264,3.6241860040135045,19.882740051661365,57.10624324276454,49.46960039370108,65.72815444134895,57.10624324276454
44,8.543749684467912,95.42615978623644,8.02014661301123,8.15479245015366,-2.9813427572893136,0.2739005755983539,35.80425708061449,-1.5831858910890444,62.08767341829418,88.07541394468667,50.68797097298314,62.08767341829418
44,0.6105990684591234,120.19117353139981,9.59173039918616,1.123276521280761,-2.9813427572893136,5.7089708089248985,-5.279719173619731,7.980858096511064,60.479464286926515,37.471656951241904,50.7322342213727,60.479464286926515
44,1.8204610561951995,96.13694963804956,12.796691476003105,2.4321182905673027,-2.9813427572893136,-0.6259951555620398,5.22451878393375,-0.5520685500737117,53.19091031838785,49.427729294078674,43.651141960071214,53.19091031838785
44,4.838366010226309,92.15069049012499,12.089513172047246,4.778014198088146,-2.9813427572893136,-5.986308621505165,0.8418246534159934,-1.2739794848126227,51.05345688248959,48.66652110839825,46.55071697016964,51.05345688248959
44,3.382835742086172,90.05173301541053,8.267678373661797,3.3102082742290975,-2.9813427572893136,0.1550632696914776,0.5174676997376055,-0.7710851440259694,55.238296704446626,46.5955278329517,45.30697498918813,55.238296704446626
44,8.13362698070705,106.70831559538989,13.505045675982146,7.397251302584992,-2.9813427572893136,-5.819769894047159,-24.741362821053222,-0.044705411916137194,56.630071285050974,27.037646798505925,51.73430420764301,56.630071285050974
44,8.704324800055474,95.20823527110986,11.148631250915209,8.770401846013561,-2.9813427572893136,4.191055302245152,2.78546304562425,-1.040055142466168,66.1757258321334,55.249310048401505,51.42379186031109,66.1757258321334
44,0.1916127884760499,91.84331725094626,14.488340632670223,-0.7097558805570663,-2.9813427572893136,-4.310532164223243,-0.9441261405402278,-1.5898220523703435,47.122392149753324,41.30446644834172,40.658770536511604,47.122392149753324
44,8.247481822036207,95.80489836267232,12.900698558564182,8.166130806916785,-2.9813427572893136,3.5986275024683567,18.544396574502276,-0.48495966642819077,65.09475276788973,70.46003200365641,51.43067576272595,65.09475276788973
44,4.01268495246768,115.978489005504,14.36561496519586,3.417079880536867,-2.9813427572893136,-2.1657008500270685,-6.220340866958993,-1.6505341767610264,56.26602723619524,40.61353831871291,45.18334500891088,56.26602723619524
44,6.720582882408053,123.51743123718427,8.072043777791984,6.398213629770817,-2.9813427572893136,-1.067431839847436,-11.54767092439919,-1.0298587414534648,61.367667985471336,38.53568577720116,49.053497960146885,61.367667985471336
44,1.1867221561260521,90.35331881562196,13.493225737402849,1.1214261313583171,-2.9813427572893136,4.460617546211317,1.0044217035881757,2.338167948176028,56.93867325783547,44.44714553365013,45.78089177823798,56.93867325783547
44,4.76424339460209,100.30782622766031,14.102647494203918,4.974577708438578,-2.9813427572893136,1.432648084186897,-0.5228405632675492,-1.6858007062498304,59.19918002318612,47.212908752965646,46.04994860998337,59.19918002318612
44,9.253399637527764,95.13723312436773,13.048342170127459,9.814362450891077,-2.9813427572893136,-4.110672725035527,-7.836659044046906,-1.004155043867498,58.525787395145244,45.2860777636971,52.118581763876506,58.525787395145244
44,5.748393416870385,127.8609403326305,9.76883144055097,5.577895295665162,-2.9813427572893136,-0.5313568725684601,-8.433433574393032,0.5935233892544989,61.17146650364975,40.483295768562115,49.51025273220965,61.17146650364975
45,9.12751579657197,108.86145992603596,11.90446755669368,9.042477078543994,3.5827410761000396,-0.9976773274339368,10.829070901511189,-0.7826226755441219,69.42422869715607,70.3648309334976,58.75313735644228,69.42422869715607
45,7.553019241895527,73.29059923905406,8.165942115841151,7.460692434255922,3.5827410761000396,-2.6706569284490174,-8.228121814248997,-1.277488246976287,62.30476716183105,49.418242352125674,56.368875919398384,62.30476716183105
45,6.309999241493642,93.48836950637028,10.856539524320638,6.113137558229852,3.5827410761000396,1.9221492242697917,-2.2137060798704127,-1.5592239537065398,67.42572634079923,53.941034086022,54.59551621218587,67.42572634079923
45,7.944206504616886,65.60875432440972,10.503606732727159,7.821246736578449,3.5827410761000396,7.912054447121024,4.422342718142278,-1.0127814260746186,72.5887187612023,62.53813159978258,57.10300745556569,72.5887187612023
45,9.235464623197913,98.60552142322689,12.690357912819207,9.520823425322058,3.5827410761000396,-3.302095676787462,43.903318873395726,3.9317110628798932,66.22375508947276,103.56861749733326,63.59700968681743,66.22375508947276
45,1.64468809729442,110.55946679994565,16.327902208880264,2.3473264267536313,3.5827410761000396,-0.6242108550390909,-0.01985087234025114,-1.3018565979802745,60.98810261780882,50.5365159205131,49.25451019487307,60.98810261780882
45,1.9288394437171519,86.5826556811485,12.673292684408823,2.5563339613138605,3.5827410761000396,8.028376851348678,-2.733745920675282,-1.2815661127670799,67.58399082802416,48.16360248788534,49.615782295793544,67.58399082802416
45,0.9764266549609601,80.76239811888072,11.164272032928361,0.9306762306108352,3.5827410761000396,0.628231441571301,-0.7785309645001304,-0.4827826746308188,58.45892431551257,48.97592209755307,49.271670387422375,58.45892431551257
45,8.291093953885138,118.83676261225716,13.84738204141257,8.525338852370792,3.5827410761000396,-1.0341752378955609,-19.0412760663769,-0.6531645998422086,69.38155484409235,39.490777754385306,57.87888922092,69.38155484409235
45,8.058639578521252,85.53055030617435,13.533533184670414,7.825091282765542,3.5827410761000396,-0.01360210567017315,9.131975905421012,6.103297486043472,66.7925614952728,67.38508447574655,64.35640605636901,66.7925614952728
45,2.79269986320287,113.61675821596137,12.497496295807862,2.189586706650934,3.5827410761000396,-5.005881649569828,-2.4923935856601798,7.4419673489646705,58.28977508396979,49.441587326283305,59.37594826090816,58.28977508396979
45,4.490295790601522,103.21110420503761,10.685563930100585,4.697748479089759,3.5827410761000396,-0.4338242715276799,-2.09439936835651,-1.6813018206194874,63.85838217379795,51.876696656465356,52.28979420420238,63.85838217379795
45,6.258787072729319,113.2153468412346,13.166248338267927,6.40584470021657,3.5827410761000396,-3.2543796245514,0.25951273901559974,0.20049273475384743,64.16044062294728,56.35279830239082,56.29377829812907,64.16044062294728
45,3.70921416208148,115.03817497424157,13.381365735333649,4.348190180452374,3.5827410761000396,-3.7389378250465235,-2.664999070312269,-0.09448478581207631,60.79867774297546,50.36879900028555,52.93931328478574,60.79867774297546
45,3.8231894839555025,117.0986575685163,12.583729359991896,3.753787172186031,3.5827410761000396,0.6632824892856897,-0.5244856382288632,-0.8672299964271504,65.54371670298396,52.646082818617785,52.303338460419496,65.54371670298396
45,9.1448087641038,118.54053778461645,15.846148334926763,8.459221578088957,3.5827410761000396,-2.2294555154468103,-18.66214644935863,-0.5702155483504627,69.18110985603943,40.89436514366597,58.98629604467414,69.18110985603943
45,3.9029775466769934,104.43102265214011,16.612259496997495,4.016920153665879,3.5827410761000396,1.5195491583986869,0.9556465447083534,1.3821857318459274,65.22896555572513,54.221960676820785,54.648499863958364,65.22896555572513
45,0.702937594614923,102.57641535408187,10.02160946431378,0.0967537302455368,3.5827410761000396,1.340165093544384,3.096361169068701,0.8641280111697667,61.024072818590525,52.52262735870665,50.29039420080772,61.024072818590525
45,7.075066107790917,85.66916075956843,12.802854817019515,6.628174737771893,3.5827410761000396,1.1125814040893351,-4.210690251915586,-1.6448558919452212,66.75231788549532,52.862130153533556,55.42796451350392,66.75231788549532
45,6.929968139156699,81.84386318414899,9.535223653490164,6.745073637853121,3.5827410761000396,0.3953466650070885,6.825932288720589,2.127834118983725,65.478435826510065,63.72463513180867,59.02653696207181,65.478435826510065
46,0.961472901981324,90.97925503245128,10.910621313054557,0.7813134042344265,2.3609777093781896,1.5612061476960175,-2.3578015145535622,4.2212249726585895,59.17387684269693,46.156943677202214,52.73597016441437,59.17387684269693
46,0.3690322954207659,97.96275795130173,11.130934081955767,-0.18185883846099948,2.3609777093781896,-3.3341434978339852,-0.2759784018035569,-0.09762312877660695,54.265948761179295,47.52783806207955,47.706193335106505,54.265948761179295
46,4.009401209186763,85.19090822619233,11.718309616073537,4.428837814623715,2.3609777093781896,-3.842626864607377,-2.0169934900929865,-1.8881641335515358,56.84872311841416,50.15526567030932,50.28409502685077,56.84872311841416
46,0.11537225218489766,112.47887521927402,15.516282540130536,0.23759473889135374,2.3609777093781896,-2.368661744360054,0.838079189921434,3.637256875855085,56.378650189567416,48.337503601921505,51.136681287855154,56.378650189567416
46,5.678910159040242,88.07410725376778,10.33971715884549,5.311410712459701,2.3609777093781896,3.407539055638682,0.6744043338547274,-1.7596046522572348,66.39061968124194,54.850074234081205,52.41606524796924,66.39061968124194
46,9.449499258771539,105.1069691802374,13.028855512244487,9.111410223950516,2.3609777093781896,-0.12298542823507244,0.8089120109974565,4.767532342768573,69.08808830969271,59.50928883090149,63.46790916267261,69.08808830969271
46,3.4330217726528645,113.05644730520372,13.574262153255514,2.9420915025801597,2.3609777093781896,-0.48970644029612764,6.736419081293445,-1.0343211393257374,62.29654212678587,58.217022917855076,50.44628269723589,62.29654212678587
46,2.44498279877007,82.2675849213043,12.48403102743505,2.58559452224622,2.3609777093781896,-0.6674082979068089,-0.7224599378633847,-1.5573699099519343,57.85430726212589,49.57249713003889,48.73758715795034,57.85430726212589
46,5.4167697741650045,115.34340963602439,13.119833613123273,5.769100407088975,2.3609777093781896,0.30890444701757264,1.0155994667412742,-1.7911709457266085,65.7043468489962,54.87670090511747,52.06993049264959,65.7043468489962
46,1.1770437797531486,68.37348135634998,10.699162981975471,0.9954570279187177,2.3609777093781896,1.57142294637227,0.1141667175659508,1.1759281956795993,57.18220132708924,48.88759696264792,49.949358440761564,57.18220132708924
46,3.749084551818669,103.44643956548988,11.083214767190114,4.1563030354196515,2.3609777093781896,0.0967169146339871,-1.4141938064979727,-1.2779607991335178,62.30124004274357,50.44568536506262,50.581918372427076,62.30124004274357
46,3.2751111686229706,122.67566187330641,10.639027356571953,3.147426416672084,2.3609777093781896,2.9413882965026543,3.2597528562394147,-1.10624786644952,66.50006559555905,54.55086396796517,50.18486324527623,66.50006559555905
46,9.472057512030005,108.33156983726015,7.615125344057028,9.575311716293383,2.3609777093781896,3.778361551432032,22.031439309333763,-0.7680362588291205,73.33896525897224,80.75888603314796,57.959410464985076,73.33896525897224
46,9.105749123264104,113.72318201874059,13.251974189709664,9.552294829808584,2.3609777093781896,3.2256960405235744,48.61881231711476,-1.2221659433249796,72.88589089969275,106.90668897440987,57.065710713970134,72.88589089969275
46,7.624447154812515,91.69905063580725,11.169076634216243,7.315603834984667,2.3609777093781896,0.5292780611836289,1.6766598219083966,-1.6874329759636963,66.20949741991757,58.1869741170616,54.82288131918951,66.20949741991757
46,7.580749162007123,104.47564134265026,11.647392332460699,7.625786884508703,2.3609777093781896,4.241812397475439,4.400061966076447,-1.8729481166019228,71.1472532355272,60.85793866986319,54.58492858718481,71.1472532355272
46,9.984908343758434,116.59569309478209,13.330518327117835,10.197533239507088,2.3609777093781896,0.4829149837831948,12.410264474405142,0.8479000136410593,71.48535201514972,71.75313219629345,60.19076773552937,71.48535201514972
46,5.8040140476077795,80.062756227513745,12.099767032345005,5.6348529873609285,2.3609777093781896,0.6527027343476889,15.021054944918323,1.1666087528981237,62.98477292360659,69.34684951142584,55.492403319405646,62.98477292360659
46,2.1328418143093586,115.02541193329031,11.777099414232682,2.192291411112467,2.3609777093781896,0.3758349817102336,-1.3056652988115,-1.219931703945305,61.798764061588685,48.61472258773792,48.700456182604114,61.798764061588685
46,1.3355189841240644,78.86044189363885,10.941697256203591,1.495233507629264,2.3609777093781896,2.177022374359611,0.1271564168207984,-1.464171127682127,59.02666705405056,49.09075690714786,47.49942936264494,59.02666705405056
47,7.922823161352426,92.51828462978098,15.231724507559536,8.397003983479403,-1.1538491180278885,-1.8920701429859783,-1.0246853711105455,1.4533925398443277,60.71329699558714,52.32885330448448,54.806931215439356,60.71329699558714
47,9.819058373104781,139.3413527873268,12.279021186666775,10.186696505857661,-1.1538491180278885,-2.39851939967487,-28.234420048864752,-1.5289323778437203,67.16463680875566,27.3946008808331,54.10008855185413,67.16463680875566
47,9.820487925317138,107.65998349042792,12.239167394851378,9.66258004479942,-1.1538491180278885,4.899080786962141,4.045996645267166,0.06373272098275118,71.29581552835761,59.67673303761985,55.69446911333543,71.29581552835761
47,1.254434750881046,98.63735208671201,13.959731510677347,1.4981311145251544,-1.1538491180278885,-4.070496368592073,-2.3897126624548344,-1.733797781341783,51.1447114231085,42.961759920574536,43.617674801687585,51.1447114231085
47,6.182851439807564,114.68148518816318,12.758768695864395,6.803953169096365,-1.1538491180278885,3.8658912968096857,-8.35741211913884,1.0220801163439843,66.5996124253672,42.908160490602356,52.28765272608518,66.5996124253672
47,8.581868042238057,96.34287014667528,10.239574761145953,8.330270096956367,-1.1538491180278885,-4.841574646852937,1.7787709967382124,-0.5000362086737535,58.93710490047238,55.92316352939599,53.64435632398403,58.93710490047238
47,1.3938753586262465,109.3271343882045,11.187094055906897,1.961575174107303,-1.1538491180278885,5.432291508962382,3.1276717759685413,-0.9328889091450823,61.88380626010644,48.646473088292154,44.585912403178526,61.88380626010644
47,3.665805214550346,94.83107170230517,10.445749680622662,3.1175390773114753,-1.1538491180278885,-0.172869300289095,2.685468688296069,-1.1722593332842322,57.555355009373955,50.9305858277286,47.0728578061483,57.555355009373955
47,1.571302271913737,64.67163181237764,8.632995944470366,1.2124898638422832,-1.1538491180278885,7.245190029696778,3.849807999061718,2.1691416110111508,59.444066819203144,49.581521607330316,47.90085521927975,59.444066819203144
47,4.478398342616856,107.08581450030465,11.666034879796092,4.533243471894708,-1.1538491180278885,1.0207203469172201,-4.538108654441147,2.179226720672779,60.94953069006003,44.682120238671196,51.39945561378512,60.94953069006003
47,4.858745792880654,92.3277970781963,13.18789645823217,4.176995488768635,-1.1538491180278885,-1.8249501355834412,7.453249976989143,2.8287031516059766,57.08447540566509,57.12989581041804,52.50534898503488,57.08447540566509
47,9.502030403818935,91.39596700365826,10.963681718501658,9.63015362733679,-1.1538491180278885,2.6284055391842496,47.23414968074164,15.680306194063343,67.0165896061049,102.48273704729647,70.92889356061818,67.0165896061049
47,9.04753880109638,100.05695805592904,12.88239672721528,8.195121353857393,-1.1538491180278885,0.7925570255171632,-24.033217387587126,-1.471240297884596,65.50145027439784,30.669980055700645,53.23195714540317,65.50145027439784
47,9.401647017803043,120.1382639429172,13.511201730098914,9.10466644444227,-1.1538491180278885,2.1222248008324325,-54.02905664031344,-1.6110466624960618,69.26417849845991,1.0990706630223244,53.5170806408397,69.26417849845991
47,7.734932366292924,104.43192267339118,11.774078279645307,7.354155660004903,-1.1538491180278885,0.7556581235584545,-4.182262401747983,10.102227938096263,64.32692011242119,48.94580731977564,63.230297659619886,64.32692011242119
47,0.9221098572015762,112.62680415408153,11.05074922457754,1.2957050250914162,-1.1538491180278885,4.158181266956362,1.1476673466039555,-0.6793896592692394,60.37354439297852,46.10035005721796,44.273293051344766,60.37354439297852
47,0.1624342962168157,109.43596447330705,10.59575613928013,-0.2773588566772762,-1.1538491180278885,2.8668428920707942,0.5366252672335241,2.68823895196972,57.85151137683379,44.57769730466582,46.729310989402016,57.85151137683379
47,3.3350958698429167,101.523975991946,11.44125792832408,3.8539399103325214,-1.1538491180278885,-1.1921149251554701,2.612944182715556,-0.6068278595825434,56.80854859982274,50.461210108499174,47.24143806620107,56.80854859982274
47,2.4185309233143926,110.0668131199152,15.128419498445115,2.093783318730347,-1.1538491180278885,0.7119818724750299,-3.913398915450364,-1.7330601592389923,58.467051174415936,42.83498907449902,45.01532783071039,58.467051174415936
47,7.920707182493061,97.9252543815742,12.18218721913715,7.785430296993991,-1.1538491180278885,4.923737967850883,-10.654008420424374,1.7557415859776777,68.0672629069721,42.69699108053941,55.10674108694147,68.0672629069721
48,4.963870376814157,81.2603162027139,11.075624037950917,4.632238320100388,0.19265386562748393,0.5854411270970377,7.756590237407635,0.1195061228197043,59.8607710651729,58.90588855521211,51.26880444062418,59.8607710651729
48,5.13879090314731,105.21452866323035,11.099122496344192,5.569451775807071,0.19265386562748393,3.734776112410745,0.6119471250102007,-1.690893317070837,65.61543192813804,51.97115007441446,49.66830963233342,65.61543192813804
48,0.7240187865681946,65.83279511242588,12.146193230821586,0.19286086436375605,0.19265386562748393,3.3197923180343123,-0.12125991940979479,-1.3485363473589422,55.964548238786215,45.94021649009952,44.71294006215037,55.964548238786215
48,3.451390997506678,85.20686228209551,12.262706018057221,3.7473539968911034,0.19265386562748393,0.7221420385274384,1.0946504055162278,-1.2530315074965899,58.57715132937249,50.428973468151725,48.08129155513891,58.57715132937249
48,7.563249412924051,99.1068798467169,14.69127279778479,7.95391867317321,0.19265386562748393,2.483697613177147,15.125281399606958,-0.8946507317038366,66.66293875898518,69.3938345607433,53.37390242943251,66.66293875898518
48,3.851190456189215,97.58860764288815,11.153277055855316,3.700464356730067,0.19265386562748393,-1.6418469236299673,-9.291953727209018,-1.4127306219243345,57.931096253713385,40.52212868584552,48.40135179113021,57.931096253713385
48,0.06921039894223213,93.69457719489561,13.953884567536043,-0.4511461030521894,0.19265386562748393,-0.14574810864450624,-2.4341757572812535,-1.4072441916687333,54.49941595520322,42.84153058707691,43.86846215268943,54.49941595520322
48,7.184392302297056,114.82886524492922,10.7380391899092,7.474474040267037,0.19265386562748393,5.806704989471983,9.855000824799557,-0.6372950410466591,71.10351614234885,63.668925453183505,53.176629587337295,71.10351614234885
48,5.569693322759122,83.95579313337058,12.439502362002013,5.181565251982186,0.19265386562748393,0.7607926522806808,13.576318395497731,-0.816032719587586,61.03265781855617,65.45260424843616,51.06025313335084,61.03265781855617
48,0.7008262653835118,60.79534799477335,11.308655029817553,0.34586132165617944,0.19265386562748393,3.758669058484739,-0.19946235314102254,-1.8604401562825819,55.87184924204978,45.834183030946676,44.17320522780512,55.87184924204978
48,3.478165310807526,111.70677846493228,14.011810088410602,3.203678599923125,0.19265386562748393,-1.2651677067044154,-1.9914001617007562,-1.5628278200807764,59.271962378385325,47.37505207689576,47.80362441851574,59.271962378385325
48,4.1300555458292365,100.67657610331105,14.794631599334558,3.756392795286275,0.19265386562748393,-7.133977802479712,-0.16022805826699815,-1.2653933366336632,53.08240032847396,49.98849246235557,48.883327183988904,53.08240032847396
48,3.116551989223808,98.3726626165365,15.070722161506476,3.7798829204815902,0.19265386562748393,-2.707466931801826,-2.5227308362716574,-0.09014448202532699,56.06231558254788,46.4097854164244,48.842371770670724,56.06231558254788
48,7.375679682008922,94.13163534893552,13.369056495104736,7.621332343587685,0.19265386562748393,-0.713285058429885,-11.495520723157071,-0.03779624392730896,62.743347960501865,42.54794876088112,54.00567324011088,62.743347960501865
48,3.8834028388373554,74.69500743507108,10.989294867296483,4.018859353827152,0.19265386562748393,-3.65401794870474,-5.465924336993101,-1.3174333996990195,53.66822006703468,44.386812935239206,48.53530387253329,53.66822006703468
48,6.194242781493813,85.7094331727248,11.751533815744422,5.963839197288814,0.19265386562748393,2.5323762343024008,4.25089170462986,-1.5512941884539575,63.72906475499494,56.87663690804992,51.0744510149661,63.72906475499494
48,6.235412678215653,107.61121168155093,12.602669490357654,6.655682912256558,0.19265386562748393,-0.025119068958037172,1.1364407834337147,-1.3341305077742156,63.411151178683326,53.81158986291998,51.341018571712056,63.411151178683326
48,8.024123311042786,100.28224148510084,7.8252657063175155,7.617544418590761,0.19265386562748393,-2.898235380043187,-17.27308864550114,-1.0449777439179067,61.95159060734571,37.54851319337769,53.77662409496092,61.95159060734571
48,6.54067937284708,78.71634439621565,14.840794125386203,6.456611291640922,0.19265386562748393,3.2494177479323003,-1.814438869167486,-1.1926094447569762,64.16252130059785,51.22703024387649,51.848859668287005,64.16252130059785
48,6.794531180057675,108.97257897028355,9.862041305361586,7.235725421099466,0.19265386562748393,-0.9764620298553599,5.3050810728620235,-1.0983192156465278,63.26688714886968,58.65117235455872,52.24777206605017,63.26688714886968
49,4.107548233587295,111.79569432614842,11.081296205995717,3.7340456076794952,-1.9557042231636137,-3.478183381030788,-3.870558428838444,-1.098702022912224,55.67473970872519,44.102795228302696,46.87465163422892,55.67473970872519
49,6.632531424984336,97.98050431146643,14.663332219098365,6.6474672896968405,-1.9557042231636137,-0.33016948238799004,-11.950101280684438,-1.8664242757709066,60.47121443557624,39.05323220613315,49.136909211046685,60.47121443557624
49,0.271177776157856,99.75420223577015,12.81955255539549,-0.03645268214553221,-1.9557042231636137,0.4689819341265984,0.21547222638397434,3.877936088912419,53.81411126592943,43.585181334609786,47.24764519713823,53.81411126592943
49,8.159289646428078,121.13710612352637,12.944673008442031,8.0042631544647591,-1.9557042231636137,7.149412484745415,9.097237998644117,-1.7165545871261132,72.09856644964813,61.9326813511942,51.11888876542397,72.09856644964813
49,0.75042779091745615,105.922580482034,10.500602741346016,0.7288918940642617,-1.9557042231636137,0.7960682180252107,-1.6897865789098667,-1.6956091262637598,55.33313539216594,42.255022547027465,42.24919999967357,55.33313539216594
49,9.009652922395617,118.298126921087,8.796616871951354,8.934235932005004,-1.9557042231636137,-1.098292662294004,-45.177063238468094,-1.2048891596981939,64.58739931352584,8.678816045243032,52.650990124012935,64.58739931352584
49,0.7082723476924002,99.32384180690536,10.417105348839394,1.0945517129954543,-1.9557042231636137,-2.970647027152853,0.8588908621172139,0.34109970117429156,50.85595974760495,44.75311345618448,44.23532229524156,50.85595974760495
49,1.9112338335253298,122.19231767258174,13.004021095280626,2.1615964722816057,-1.9557042231636137,0.4930250610235726,-1.2951591584297995,-1.2481593788411955,58.05003320534853,44.042617218636984,44.08961699822559,58.05003320534853
49,7.76929248124361,98.86474319961413,13.434390541041875,8.096449610460096,-1.9557042231636137,-1.0012461899671221,26.61464344152916,0.23931680138390443,61.25267488432301,78.98209019585788,52.606763555712625,61.25267488432301
49,2.0313350367359817,113.76622685799333,12.08671038123382,2.3699102873027953,-1.9557042231636137,2.4838335775816898,0.28020936873711016,-1.3194048393753814,59.34235408430059,45.762107189656675,44.16249298154418,59.34235408430059
49,4.0376451052725315,94.82831929386381,11.211711307111653,4.570324034535644,-1.9557042231636137,0.8077953144863159,4.887538732607909,-1.1351638405161406,58.180097147036115,52.77700863577133,46.75430606264728,58.180097147036115
49,4.461806281469762,83.8449601591912,12.760009650815931,4.552593583470892,-1.9557042231636137,4.365689703353632,2.1174249295242245,-1.5745020963628864,61.14864903387285,50.515888244124326,46.823961218237216,61.14864903387285
49,6.062954687513411,115.02407091037429,10.75514409485695,6.324358615430511,-1.9557042231636137,0.6674084127447342,-0.7244998523030104,-1.3785411589016574,62.48965690563464,49.59534154954947,48.941300242950824,62.48965690563464
49,5.764457427430898,134.4400606115701,13.022774412014781,5.628199689538472,-1.9557042231636137,-4.178144419874063,9.160923969551856,-1.8180165746896255,59.22750633103641,59.122568659305315,48.14362811506384,59.22750633103641
49,0.5950676649808884,95.11182826824978,9.797253886736117,0.5486760400435309,-1.9557042231636137,-2.6342035176183805,1.1255496328652221,-1.2455736290586112,50.63535628402005,44.883926607678674,42.51280334575484,50.63535628402005
49,1.8266508495435119,122.03284192793977,15.722831199134951,2.040991041119057,-1.9557042231636137,-0.06556239855338077,-0.11771658252132268,-1.8297700737064335,57.3739985905292,45.118560213767275,43.406506722582165,57.3739985905292
49,2.9612166178412735,96.44636600239211,6.590021755231316,2.826141912789291,-1.9557042231636137,1.8064327429368061,3.904426226813412,-0.7140187202303407,58.04882506142193,50.50218194505933,45.88373699801557,58.04882506142193
49,3.7607908621430397,113.85239676835643,14.835875632735036,3.611023349461538,-1.9557042231636137,7.341776464645967,6.249636417461559,27.062804075747767,66.28426095288964,53.80688122886959,74.6200488871558,66.28426095288964
49,7.1309594181366265,85.16212289947887,10.689381003767988,7.240072840210529,-1.9557042231636137,1.998176566682378,3.831967273727878,-1.8275112737181602,62.1158359352306,55.433414352328214,49.77393580488218,62.1158359352306
49,1.2514858599752188,104.13469417430063,14.504566094844348,1.865852980647437,-1.9557042231636137,1.7590854355903343,1.9403170803674652,-1.7371097008507634,56.71863366182705,46.48639588917411,42.80896910795588,56.71863366182705
50,4.292334350757301,88.54508359658445,9.07942513565334,3.735578476195178,2.8519463397482325,-3.80417566005012,-4.3356969263080565,-1.226580180239281,58.05308026026532,48.66705063434894,51.77616738041771,58.05308026026532
50,0.30377038521692157,79.71832023700043,11.338530246413322,0.11511638180595274,2.8519463397482325,1.0756564198700898,1.2824202945733576,-1.5863285115113679,57.263959245578675,49.49889109658189,46.63014229049717,57.263959245578675
50,4.541686694137752,109.82536615342006,12.421635581053978,4.694320701371703,2.8519463397482325,-3.940921300682274,1.3378070682366277,-0.6020232269037709,60.34358568737326,54.63977744095016,52.699947145809766,60.34358568737326
50,7.94308127136901,124.14470140532437,9.981001471555516,8.070817705874267,2.8519463397482325,-1.741842263625227,22.517102931905526,6.23307595122529,68.05627174229826,79.90074679729656,63.61671981661633,68.05627174229826
50,4.712764963041991,88.17239551183135,10.930446707657877,4.146858490062186,2.8519463397482325,2.5942965575109644,0.5777936176050302,2.835744542889284,64.91880040409272,54.08505791300365,56.3430088382879,64.91880040409272
50,2.3638961068354547,86.74185831211007,12.990116549771882,2.0680104063354774,2.8519463397482325,2.8629236021834696,0.029654594135541185,-1.4880086933615249,62.225731101345254,50.71827626208632,49.200612974589255,62.225731101345254
50,8.870350166689605,83.91228082309628,13.096988099564284,8.421657705618735,2.8519463397482325,-1.2444043380162118,-29.528666358535542,2.2636434877407314,65.64319028406918,28.967700181240215,60.760010027516486,65.64319028406918
50,1.2595278513617814,93.12788527828239,9.544514771562103,1.2413020125648895,2.8519463397482325,-1.6758547258949301,1.6577964725244358,0.8466526828668373,57.00031356331568,51.02117623390681,50.21003244424921,57.00031356331568
50,2.693113989662379,109.98470523367341,9.986774711279066,3.2185392459254745,2.8519463397482325,-0.8108284473043335,1.6059753742503378,0.01819560246690255,61.2713252034061,52.68965850159342,51.10187872980999,61.2713252034061
50,8.824581471271813,110.68342318628088,12.414334403219677,8.823948654349842,2.8519463397482325,5.679358279925667,1.9060538054902336,-1.5831456778637725,75.18914470382816,60.34749791076464,56.85829842741063,75.18914470382816
50,7.505198218859732,106.64431341248743,14.834802360678289,7.420361725333374,2.8519463397482325,-8.09095943254905,3.2621642839543687,0.7595611881818114,59.43165611107961,60.12034848633428,57.61774539056172,59.43165611107961
50,0.9769294154830277,111.39380968088768,13.49417879311051,1.8783194191853785,2.8519463397482325,-0.39684024792206274,-0.35256896123402937,0.35345259987246336,59.76680235849457,48.67169267709384,49.377714238200326,59.76680235849457
50,8.155670159030706,92.96683500971315,8.96113385530295,7.91317130618701,2.8519463397482325,3.317355549959773,0.04985909904652576,3.0379643738040647,70.25278958151617,57.68860962963161,60.676714904389144,70.25278958151617
50,8.58393028844148,97.40935033174244,10.559858521351366,8.6294593904828,2.8519463397482325,-0.48892155682054506,18.402833386317198,-1.5507113433961845,67.40467616223172,76.55549607219521,56.60195134248182,67.40467616223172
50,1.171572997700423,110.23074849078711,8.323575931207731,1.0376768160170768,2.8519463397482325,-3.5429082389507496,1.8840552697981565,-1.0420739695632892,56.7380005471167,51.14188920678689,48.21575996742545,56.7380005471167
50,1.3739716238342226,95.77634007637685,13.568791728705985,1.0110589448827778,2.8519463397482325,1.952503647501957,-1.7796483254443023,-1.5455985438596216,61.03084994348894,47.721063962905,47.95511374448968,61.03084994348894
50,5.482569974847138,85.57566139102269,10.257895700945816,5.724913062216632,2.8519463397482325,2.631997644188445,-8.404478616661187,-1.8022604010388812,65.62059409285551,46.02655169290361,52.62876990852592,65.62059409285551
50,0.5902965017594397,79.33524782901165,11.978267373966936,0.38117016409284266,2.8519463397482325,-3.6788368783925476,0.9371133857576505,-1.2419373306056545,52.81499004636818,49.49741552761721,47.31836481125391,52.81499004636818
50,4.955232911743224,140.46379954957536,13.218283116431518,5.295408668827142,2.8519463397482325,-0.939579254998979,-7.148014990053233,-0.1487625565200028,66.90502653379866,46.650210843786866,53.649463277320095,66.90502653379866
50,0.07417523069307208,74.50427416655603,11.733896703882452,-0.08903919789533521,2.8519463397482325,1.9772754648691535,-0.07510814995460072,-0.3169746551537851,57.36865949810467,47.865848466625316,47.62398196142613,57.36865949810467
51,8.482932224869728,100.43974979191302,10.300937874239875,8.426208762241513,1.3943646178985518,-2.3226570942658986,7.092400921688194,-1.770653474142178,64.29520117266763,63.66628420943042,54.80322981360005,64.29520117266763
51,0.6274633179418743,129.01471504226856,12.230277450348451,0.30190408839409644,1.3943646178985518,-0.12469061354592029,0.8623066920036331,2.7794395063459794,59.924101490109734,48.00962729143244,49.92676010577478,59.924101490109734
51,8.198450875934213,112.56266312766945,9.337325691975995,8.068234640209146,1.3943646178985518,-0.7213502482120813,6.0964302054446415,1.0924647835748786,66.76742173357447,62.32893587446425,57.324970452594485,66.76742173357447
51,5.393602941185236,97.21980503373,16.748916543463384,5.544865900051427,1.3943646178985518,-0.5159251671543075,0.5619612763408762,-1.5101496963824286,62.07274348353953,53.42864942366171,51.35653845093841,62.07274348353953
51,4.9902009894140065,107.9999376664658,7.008327165376661,4.192406844594805,1.3943646178985518,-0.515754208045574,3.2222752366384224,0.06160491655449474,62.66684536379637,55.604881041833785,52.444210721749855,62.66684536379637
51,0.22227320820093155,126.77434363022142,16.40735230812377,-0.17746946909622735,1.3943646178985518,3.8582649164160765,1.826076888315228,-1.8085523023458971,63.19679174717789,48.4871693560549,44.852540165393776,63.19679174717789
51,5.540931345894933,102.84441729745197,13.142793854138345,5.654460315148569,1.3943646178985518,3.2982286654099915,0.8518870443460405,-1.5954878212218273,66.62615262812766,53.895369277318515,51.44799441175064,66.62615262812766
51,7.198976029176265,91.46368731720099,10.832509525562129,6.758498438439001,1.3943646178985518,1.4224894978904734,5.6840855233136836,0.8213542253281705,65.60199408252063,60.717221376223755,55.85449007823824,65.60199408252063
51,2.357152292970568,121.77839416858183,12.549720715244835,2.7504910859143794,1.3943646178985518,-0.6359601329167537,0.6255339642470921,-1.3311845323172378,60.76482665340467,49.848481333710325,47.891762837146,60.76482665340467
51,8.118796811904758,128.03490178847983,11.903421608077968,7.712146649685934,1.3943646178985518,-4.984491353428994,22.928242353049217,-1.540149282478993,63.95591961760324,79.06516314523348,54.59677150970527,63.95591961760324
51,4.21473897062242,85.23167659393688,16.504937283554483,3.869175972566963,1.3943646178985518,-2.802869603173579,6.8617209481151935,-0.6865689127716361,57.172349438865574,58.31377233076065,50.765482469873824,57.172349438865574
51,5.649105508346111,110.7813514585655,16.41596444436811,5.5583108406179695,1.3943646178985518,3.337194848495569,-5.395968346309276,-1.6219155708150326,67.588621222266,47.77732288160461,51.55137565709885,67.588621222266
51,1.5169078460894525,101.94020945437393,13.533690029291943,1.4079526223073635,1.3943646178985518,-2.697353310712081,4.360572353358818,-1.799442924514146,55.71132166793121,52.575226386564715,46.41521110869175,55.71132166793121
51,1.947924355044961,110.52461963340045,11.431616512414243,1.846408179747666,1.3943646178985518,-0.9345926890977416,2.5151849347490174,-0.7156851846578904,58.84974311819481,51.24705877870152,48.01618865929461,58.84974311819481
51,1.6678303643129766,107.90046747831173,12.303290585082705,1.8341409136901912,1.3943646178985518,3.2757420641710038,-0.4696995224832684,-1.1476822070335673,62.4615498670763,47.92606153259086,47.24807884804056,62.4615498670763
51,8.351095721591264,99.69230351568096,10.43778782671392,8.580072469441227,1.3943646178985518,-3.9136595127718294,-20.87678662290293,-1.1407676079193874,62.471250322604334,35.538892860905136,55.274911875888684,62.471250322604334
51,1.1107839923352003,106.57376570960456,10.085203273505352,0.3834894958593893,1.3943646178985518,5.230069185503964,0.5256208736713235,0.5643117601740373,63.61475116516522,48.252926282372115,48.29161716887483,63.61475116516522
51,2.680701066274196,81.84207151447694,11.391317764097819,3.0620358059387587,1.3943646178985518,-0.33410639922445295,6.0209860705601725,-1.2816364303879209,57.46130664965083,55.63219196798776,48.32956946703967,57.46130664965083
51,7.984809703193605,78.93370084256645,15.061757306807191,8.52250885227885,1.3943646178985518,-7.244967491616155,5.055257911998966,-1.2184259867261171,56.624538854371366,61.031394173729844,54.75771027500476,56.624538854371366
51,2.989294081926346,110.81123735813968,11.043388126710617,2.6875059958216827,1.3943646178985518,-3.1007746467943567,-2.0301119416883644,-1.75139796179109,57.96186660522978,47.9514055745218,48.230119554419076,57.96186660522978
52,8.67568752495572,101.29053254915088,12.551928577051834,7.920926630140732,-0.37424581293838716,-0.8442574929699818,8.900851646752612,-1.8243408496733076,64.32137497895359,63.93743086376109,53.21223836733517,64.32137497895359
52,0.39423247100785375,98.0257443788731,14.585559711870314,-0.26143152743680487,-0.37424581293838716,4.157927913751986,-0.9383511609232673,-1.3579929573891594,59.059335503910326,44.160481991347766,43.740840194881876,59.059335503910326
52,3.3982351003214717,74.85922031590242,12.848021413161549,2.6331071429605215,-0.37424581293838716,3.2055988155278206,-1.7351235109685101,-1.7260653904898386,59.39515715456544,46.96851279647886,46.97757091695754,59.39515715456544
52,3.095960954669863,91.45753013847829,13.055530507541167,3.2194493793727874,-0.37424581293838716,2.140708508093673,-1.0118217233169866,-0.8332263712784329,59.62736885460695,47.32908560934846,47.50768096138701,59.62736885460695
52,1.2945368536747992,102.88307726344817,10.692340035712855,1.5481998904932133,-0.37424581293838716,1.2157948134409424,2.7646028842482506,-1.2686089618021679,57.68330095125713,48.94380129571962,44.9105894496692,57.68330095125713
52,3.738344849552959,92.70515618870768,12.243351105347971,4.327931938653465,-0.37424581293838716,-0.2971565570531397,-3.4731502313293947,2.316175808368807,58.085127068342786,45.63861777519577,51.427943814893965,58.085127068342786
52,4.649656289257109,101.21926019490813,10.026273890541091,4.779085127480185,-0.37424581293838716,-1.5280158902735201,-3.9462226030689393,-1.3800798713627298,58.79925186338743,46.2591191311012,48.82526186280741,58.79925186338743
52,0.46608188888058066,105.77345870176445,10.488811075502785,0.8354859389167333,-0.37424581293838716,-3.3071166482727605,3.4527675803845335,-1.3034360382567494,52.45528167562199,48.63782003410284,43.88161641546156,52.45528167562199
52,9.875161992385983,97.93747043442728,9.678020083119913,9.65240901665554,-0.37424581293838716,3.037515300829685,7.572930754829163,-1.4342871733176232,69.3072109221972,64.04887933275396,55.04166140460717,69.3072109221972
52,9.084523303899914,106.41389663858641,11.114396952760856,8.687350962448457,-0.37424581293838716,0.32769825789866347,5.49275685593499,-1.2050446445611744,66.49627007349882,61.0199390076765,54.32213750718033,66.49627007349882
52,9.79390146676451,96.35403327190954,12.66989556807915,9.900846539276202,-0.37424581293838716,2.9401896650964274,-18.812770269351713,-1.2360224995563436,68.95402893946641,37.56566567782731,55.14241344762268,68.95402893946641
52,1.7047221376560628,95.22470758219163,11.79868286370954,1.8396033138740884,-0.37424581293838716,6.917637180382472,-1.1185988101512923,0.2976648481452091,63.11152869085052,45.552821942097594,46.969085600394095,63.11152869085052
52,0.427343740593642,96.18840409737984,10.048926314079006,-0.401979298188623,-0.37424581293838716,1.3034436372204903,-1.7091133278027233,-1.7289288732922157,56.060850722732454,43.429453347971254,43.40963780248176,56.060850722732454
52,1.4283236395567656,109.58331145244598,10.053566748757854,1.8034984124899835,-0.37424581293838716,-0.45819538324403414,1.8359578672509878,-0.561990309517201,56.839878316530296,48.17570042178072,45.77775224501253,56.839878316530296
52,3.6058084154501557,112.31598074749127,9.318426947068946,3.3605825755890053,-0.37424581293838716,3.0296409714626122,4.596703881710234,-1.1706650767415152,63.21396333181354,53.54942816731203,47.78205920886028,63.21396333181354
52,5.444205496460199,135.03218629872936,12.828204804108816,5.399368334788602,-0.37424581293838716,-1.3314843088110782,1.167114001666952,7.557594168483531,63.33053510387571,52.3259147844808,58.71639495129738,63.33053510387571
52,9.373966185376048,85.25038663583408,12.548324859650164,8.96839601592656,-0.37424581293838716,1.3173103625645457,31.201515646822326,-1.780688322024909,65.71686263566082,87.07602925633519,54.09382528748796,65.71686263566082
52,6.3554886588826776,89.38813839990613,9.172074098961497,6.610045757590316,-0.37424581293838716,5.69530554560204,3.4108089125174,-1.7136945490432929,66.88645996331348,55.663149490238226,50.53864602867753,66.88645996331348
52,4.847465315833688,109.66223652024877,8.636138853621866,4.699176192467728,-0.37424581293838716,-1.8333645346222893,-1.573337984177222,-1.1089400767234876,59.575571683464624,48.86937458188481,49.33377248933855,59.575571683464624
52,0.8589622750878334,124.56497994919313,11.859827772101774,0.29042906986685846,-0.37424581293838716,-2.8139548456428587,-2.3156124296418588,0.7536202300985659,55.299052066443465,43.34089648752515,46.41012914726558,55.299052066443465
53,9.449131870642304,118.3997226199646,11.079381941423401,9.56476796280041,-3.381539917187429,-3.2015425773423942,34.67632071817595,-0.13383358353049557,61.59584801223741,87.63373904575928,52.82358474405284,61.59584801223741
53,3.4671377181075513,92.98441572503782,9.585708593045139,2.80798944782514,-3.381539917187429,3.71896237996797,-3.841118832078235,-1.467996436224611,58.79642929701338,41.93790651246339,44.31102890831702,58.79642929701338
53,3.6934622330591083,89.82653404393017,14.080882436257202,3.617364143950006,-3.381539917187429,1.7919348663794195,2.7687644370729285,-0.8988391592171234,56.82520303325594,48.81937919955643,45.15177560326637,56.82520303325594
53,6.241487429942936,125.44603406995657,11.86758997562825,6.249249042324648,-3.381539917187429,3.8160271619520847,-1.1877625130257472,-1.8366714853147699,65.46887556769184,47.920482485718345,47.271573513429324,65.46887556769184
53,7.274058253969997,123.14270275133597,11.960284442926373,8.354790678129799,-3.381539917187429,2.253279609148552,-3.652570159895396,-0.49015222466107256,64.91487987185872,46.69475982768117,49.85717776291549,64.91487987185872
53,1.979281089734286,103.21791388091414,13.231112446756269,2.1836697120154547,-3.381539917187429,0.6693023328213873,-2.1732839547194915,2.678446915866518,54.98469111140651,41.82031343577422,46.67204430636023,54.98469111140651
53,5.88715200079605,125.51032443628476,12.840765939839201,5.377814423578689,-3.381539917187429,0.7209705695314572,-8.650015036197587,-0.9002526605224228,61.95504549692776,40.03302744757024,47.7827898232454,61.95504549692776
53,8.428971669636667,99.88019755528161,11.34409024514563,8.579546834961654,-3.381539917187429,0.2471620127358476,-6.110587792360308,-1.3312533173903274,61.968407854640574,45.62263829401626,50.40197276898624,61.968407854640574
53,9.99379032291472,87.73149452795846,9.731087395799594,9.954283926895398,-3.381539917187429,-2.0479756872232002,-15.637632203797963,-1.6929056642087974,60.33618223588288,37.97337626651227,51.91810280610144,60.33618223588288
53,0.11438249377533793,99.24084744574685,14.364536610233433,0.20260029201061217,-3.381539917187429,0.3822010876309685,0.7800385847091714,-1.4616714122817753,52.062004907548626,42.53575766005215,40.2940476630612,52.062004907548626
53,8.21331850020215,101.1988162982355,8.578428393375596,7.5669477522142845,-3.381539917187429,-0.9123200638653532,15.175708088931744,3.1552597962135884,60.68200384901335,66.6501503719869,54.62970207926874,60.68200384901335
53,2.0562382647767663,76.60643353158929,14.758898088809207,2.7285994717733058,-3.381539917187429,2.1089112737000284,-0.1979413169060089,-1.2676790158147304,53.85550062740365,43.88800468363868,42.81826698472996,53.85550062740365
53,1.13804851192981,97.42753064880561,10.917989341684944,1.3613428193726356,-3.381539917187429,-3.193375920011529,4.202419981424889,-1.4576989644804297,49.533495441997374,47.18653827855323,41.52641933264791,49.533495441997374
53,6.880856635980308,93.72089360751498,16.150933583466657,6.730300300486408,-3.381539917187429,-3.4166821611097764,-7.460391238705301,3.2304139820801767,55.830895245630664,42.41509680728364,53.10590202806912,55.830895245630664
53,2.72961319424212,107.36930227049741,11.590478993974521,1.9185867602841071,-3.381539917187429,4.695406059765225,-2.743349838455915,-1.814193721586326,60.32633220271808,42.1506460774472,43.079802194316784,60.32633220271808
53,8.231698791496456,92.03157353153455,10.89716602895933,8.390860915459188,-3.381539917187429,-0.5002145779770042,3.719491209729594,-1.243908081612489,60.19944140778477,55.21598984233791,50.252590550995826,60.19944140778477
53,6.443964021746069,107.23330176602344,12.082393733546393,5.885205115646572,-3.381539917187429,3.9187578417024636,10.086854812070378,-0.8368328104366918,63.99330492721266,59.43807172097823,48.51438409847116,63.99330492721266
53,5.2790228091180325,108.04436560073988,14.634095262051593,4.806114600331225,-3.381539917187429,3.0933378188388096,-5.892818701982658,-1.4974912315148072,61.85106183266701,42.06046875177155,46.4557962222394,61.85106183266701
53,0.2865096810273826,95.81013688211648,8.380699593179237,0.5034396545236539,-3.381539917187429,-2.4127768252102424,0.9590691776417749,-1.4974669303838828,49.13050856304683,42.9213408776872,40.46480476966155,49.13050856304683
53,2.8717003925703466,99.34739102949125,11.38402241075866,3.1655888526926357,-3.381539917187429,-2.8124667410465545,1.312919983952807,-0.47380189836652353,52.18677291579955,46.377420537849794,44.59069865553046,52.18677291579955
54,0.3558352845720947,135.72272937939272,12.589122389170774,0.20443360600750635,1.1104249322246247,-1.8060872896473366,-1.1920618256149165,0.1626137234070144,58.303612922003076,45.345365448096224,46.70004099711815,58.303612922003076
54,8.978679536376148,123.2204667003342,12.295541634233293,8.321557307673723,1.1104249322246247,-5.993342267335124,22.763902788217315,-0.7181579856626263,63.21354477857429,79.64874316409332,56.166682390213374,63.21354477857429
54,1.309689364861697,123.32142997793468,12.231903063950224,0.3682356440472665,1.1104249322246247,0.9670409132804616,-1.3085515501708502,-0.9826381937199041,60.98123608113259,46.373500619887814,46.699413976338754,60.98123608113259
54,0.5144408880732954,100.8716684517087,11.35333630287344,-0.04563291585455509,1.1104249322246247,-1.5819720987664385,-0.24989443370908787,-1.568252933547955,55.232948744317014,46.47785956420349,45.159501064364626,55.232948744317014
54,3.639465228188783,87.40331626709253,9.719266552204784,3.3607479583507405,1.1104249322246247,-4.265595155636808,1.2954554084825636,0.13609419864301509,54.95251967712361,51.773238614533724,50.61387740469418,54.95251967712361
54,6.954807830043137,108.56685172983224,17.72263898172634,6.565338439392981,1.1104249322246247,-2.560974785791588,23.057559609546313,-1.6035403361127312,62.751904715468015,77.5137539378227,52.85265399216366,62.751904715468015
54,8.923091313336045,100.99071673844583,9.097226110332066,9.051641882815183,1.1104249322246247,3.6419315835131574,-32.92650210434023,-1.0666431739689672,70.5591377655856,23.891632403887648,55.75149133425891,70.5591377655856
54,2.442761950660497,153.76989239394982,13.96748804043997,2.115157801226295,1.1104249322246247,3.437706063182225,-3.238679338487515,-0.1092545717704001,67.85643457559442,45.803059934529706,48.93248470124682,67.85643457559442
54,3.919663969427347,71.02156669523097,9.784317345829365,4.10874580533941,1.1104249322246247,3.565556728771277,-6.942917006330489,-1.6447546404536577,61.481735093831816,43.87110468920695,49.169267055083786,61.481735093831816
54,6.2015490722842515,96.95751243631034,8.00221468630394,6.679715921690011,1.1104249322246247,-2.016563001443054,-9.073198775818604,-0.5891201799038535,61.23147206115371,44.47908504314712,52.963163639061875,61.23147206115371
54,5.6449697725474834,122.25572806409664,12.30144499391564,5.4667064344532905,1.1104249322246247,4.64105431773045,-0.8954453553153803,-1.1796628543359724,69.75101578342172,51.988943303966224,51.70472580494563,69.75101578342172
54,0.4140157112851739,68.52225399753243,16.21793618438683,-0.12723628343229976,1.1104249322246247,-2.6169329073394483,-1.4299496902319158,0.9887619777519137,50.84253627818063,45.17729409553492,47.59600576351875,50.84253627818063
54,4.742434858344495,96.10527000914861,13.258381345672799,4.268422588535379,1.1104249322246247,1.955885601025966,-4.363388336245467,4.284096257487066,63.36775936417885,47.437958425992555,56.08544301972508,63.36775936417885
54,9.49205233482644,105.01101903830775,8.724708915680186,9.796295120565208,1.1104249322246247,-0.5317424054722941,39.91212406063834,-1.7311817886311855,67.47024723237482,97.4130117946547,55.76970594538517,67.47024723237482
54,2.403313450049609,96.7054361255017,10.683048571965374,1.7803742129528293,1.1104249322246247,4.260113528214252,-0.8651992251319476,0.4442644063703509,62.92505821304858,48.12920184715221,49.43866547865451,62.92505821304858
54,6.781417021993548,86.0234229506634,10.499383468177433,7.422299837609022,1.1104249322246247,2.085889393566882,1.7580846816814428,-0.8869353585568283,64.93635704725011,56.00621004029833,53.361190000060056,64.93635704725011
54,9.134321841411293,98.16639672555135,9.709736208950812,9.24600825155839,1.1104249322246247,-4.638106772193451,9.645692084854888,-0.8501385934919876,62.25014404227986,66.71730322677307,56.221472548426185,62.25014404227986
54,0.4558152612298727,120.07792635192642,14.055226553842996,0.8390779470340467,1.1104249322246247,4.380738619220267,-2.6869414578887114,1.806330589882937,63.04593450011338,43.97046178781176,48.46373383558341,63.04593450011338
54,1.3642713124863803,79.77503214933452,16.956080843662868,1.0691133267583586,1.1104249322246247,-1.0219072493602537,-5.968817540914249,-0.04753498472849005,54.70314647278148,41.77873296629403,47.70001552247979,54.70314647278148
54,1.0035423305816948,121.22253586764973,9.093367271360792,0.7471215721297203,1.1104249322246247,-2.094904052006914,1.4271759478669115,-0.9961543989325758,57.34202526368071,48.74185167678957,46.318521329990084,57.34202526368071
55,4.096546149812639,113.71073418272022,13.644528890723658,4.275130888805138,-1.155605199507238,-1.0125450225392578,-8.024761838149113,-1.2267709107817462,59.11877857600069,40.73548834211882,47.533479269486186,59.11877857600069
55,9.6994784520939,81.4496812226003,9.867104012700942,9.623793551677274,-1.155605199507238,-3.646143355373625,18.103286716955544,-1.2392853355800593,59.982593709891844,73.58705565996098,54.24448360742539,59.982593709891844
55,3.6398465116508305,77.48859467988055,14.188613465029754,3.87508281403752,-1.155605199507238,-1.4714121784057435,0.8979928553261565,-1.025802767891463,54.489657904056074,49.11020346979992,47.1864078465823,54.489657904056074
55,7.249014135450125,100.518080258448,12.441192364658715,7.173795631856621,-1.155605199507238,-3.754966114821536,0.7631845694565301,-1.5286758470062198,58.84005367405618,53.30639633248944,51.014535916026695,58.84005367405618
55,7.026815474964678,104.29449468104038,11.433520818925041,6.953596497148509,-1.155605199507238,4.376521025868152,-1.6703543208160752,2.3205729368233667,67.08254386442258,50.606219049634305,54.597146307273746,67.08254386442258
55,0.24814600124955177,117.79312140768414,13.420101506867123,0.9522944357035549,-1.155605199507238,-0.22802251176137014,2.2189099382213873,-0.023858149240264526,55.69345963099927,46.361079940213614,44.118311852751965,55.69345963099927
55,9.459985403809696,99.43675942236177,16.420953732924218,9.656713011516125,-1.155605199507238,-6.901061340860773,-7.542376442890065,0.30268178808921253,58.23899188643981,47.654000842174334,55.49905907315361,58.23899188643981
55,5.334915090352297,106.3055739096034,14.82413315124284,4.4041545419441395,-1.155605199507238,-3.7035864359315642,2.885609593070311,-0.7002906634046933,57.1732638639443,53.131902501985834,49.54600224551083,57.1732638639443
55,6.9630916602909565,119.3386972351415,11.606803839695555,7.249985281642707,-1.155605199507238,-0.95618555824869,-1.1094185667231962,-0.6465183656489406,63.17778895810737,51.09068622611872,51.553586427192975,63.17778895810737
55,0.4525750270113349,117.56033777649426,13.510769139639121,0.17963951697940278,-1.155605199507238,-8.390890832540899,0.9832146844526456,-0.7619868624244179,47.7526277780149,45.370699517359014,43.62549797048195,47.7526277780149
55,9.165714289993048,112.39140481127069,9.811798259605089,9.181160059243517,-1.155605199507238,-6.333166520188997,-8.87918875041711,2.3951680871144,59.74922590942249,45.96406319806731,57.23842003559882,59.74922590942249
55,0.3284422098658979,104.85875597635726,12.860360048292298,0.8698195188158366,-1.155605199507238,-5.119472886589488,-1.0967545850586946,-1.3021353991810356,49.60492816337808,43.141770867273145,42.93639005315081,49.60492816337808
55,7.772972409147769,105.71425617181823,13.92109942316651,8.449528334492742,-1.155605199507238,2.9584739635912767,24.832269703094262,-1.6577582027569435,66.70186127224319,78.00423139456436,51.51420348871314,66.70186127224319
55,5.261417757719755,118.03929374189937,12.918119045808643,4.470518068236891,-1.155605199507238,0.8038107047167753,4.547540889196709,0.15585488187846352,62.76583618866318,54.70563699895318,50.31395099163493,62.76583618866318
55,2.661218836437911,116.53308626098207,10.807089210964351,2.0510598400692444,-1.155605199507238,-0.6217207372065741,-4.108930323943038,0.7316314331229121,58.069445293109894,42.92892708027522,47.76948883734117,58.069445293109894
55,5.049360792618245,99.0772759003128,11.909827585522512,5.224459552971266,-1.155605199507238,-4.259766293675021,-6.645093011762061,-1.726761053663673,55.551589047990916,43.2585347398726,48.176866697970986,55.551589047990916
55,5.324952560476959,105.46884870993668,10.836962810444847,5.067702432735286,-1.155605199507238,-1.434591745553669,0.48415752063821055,0.875118425625647,59.34663099850511,50.71849539370333,51.10945629869076,59.34663099850511
55,0.8687023655511439,125.38828449978655,12.885726474252404,0.6782711841996237,-1.155605199507238,-3.596523484220936,-1.5012866568207122,-1.3198884193806024,53.82914260491185,43.38555098233343,43.566949219773534,53.82914260491185
55,9.156014297623187,122.07050518707976,11.379538620912376,9.647774805063206,-1.155605199507238,0.3344359402052631,-7.055551386159536,-1.1320963344551207,67.37309841655383,47.776060571481054,53.69951562318547,67.37309841655383
55,5.640082624740899,85.34128507983822,11.554340463835022,5.45545945114255,-1.155605199507238,1.635953718350205,9.116004070444292,0.13848065001898235,60.782576176515875,59.728498020626134,50.75097460020083,60.782576176515875
56,0.5923052621074021,121.72302511872904,10.734826414615867,0.12545305598164064,-7.405306990507193,-0.5866286873574525,-0.7515403187481254,-0.9682524799603455,49.89113314853714,37.55391900527356,37.33720684406134,49.89113314853714
56,6.727256942540407,98.71216509112202,14.134380398303936,6.607115965958734,-7.405306990507193,0.9154636435321815,-2.8680249993196543,4.396522025641793,56.45408149318568,42.799376341221645,50.06392336618309,56.45408149318568
56,6.273226777557284,76.39345297519816,12.674791842929405,6.581216370504102,-7.405306990507193,3.2007205349665817,1.7506653764011106,1.5288545524608452,55.962630975047944,46.87323051896266,46.65141969502239,55.962630975047944
56,0.728554199449718,119.38714239200041,10.092708672690957,0.8246593191611826,-7.405306990507193,0.09956804891231971,-2.5120180345927077,-1.7523879398761146,50.507240336944825,35.95694001423976,36.716570108956354,50.507240336944825
56,4.377050541806966,101.26701633351574,12.502347148273822,4.678718060727617,-7.405306990507193,-3.106732721820706,-3.2805093433967776,-0.5298310734936589,49.867122571192034,39.56664431626439,42.317322586167506,49.867122571192034
56,6.415407459717244,114.50568994720133,10.903702592904335,5.7077748340050976,-7.405306990507193,5.6673492714613065,4.211366367801119,-0.6608160702570254,62.411100227334934,49.50454832895462,44.63236589089647,62.411100227334934
56,8.099694871343672,129.0866949132553,12.20647203520613,8.146227799495557,-7.405306990507193,0.7285543229309931,-7.991525218766812,-1.4334296087023877,60.95155066936174,39.322801636338404,45.880897246402824,60.95155066936174
56,3.9175297203473747,116.19808957248455,15.732033010279343,4.1943387362441005,-7.405306990507193,-1.4510280145967203,-2.1557604409451723,10.119604476027039,52.464509616561386,40.139968232964485,52.4153331499367,52.464509616561386
56,7.73422806058079,94.6960970975027,9.918012389429752,8.285422470655845,-7.405306990507193,-0.4420719699709478,-11.901714564590932,-1.8773549158304659,55.90330442196908,34.97405211759882,44.99841176635929,55.90330442196908
56,8.733951251488179,97.97615312922153,12.439967574254847,7.639563167210239,-7.405306990507193,0.7480187452127134,-22.306626217983148,-1.59004528961525,58.62106856941348,25.768808293295475,46.485389221663375,58.62106856941348
56,6.183131164871156,85.19301350038748,9.1524101870625,5.870105088692859,-7.405306990507193,-0.4405460874311796,1.4408860375978523,0.8933708641799234,53.09320566994576,46.455336444936044,45.90782127151812,53.09320566994576
56,3.5773418401367962,87.67437780909411,13.232034820060704,3.900559176131521,-7.405306990507193,-2.099641971802123,0.7315985351155793,-1.6824427437931408,48.55529902676425,42.61910175277254,40.205060473863824,48.55529902676425
56,9.322566811461002,107.34296383772096,9.116873640171839,9.532194245852924,-7.405306990507193,1.9621720737892658,9.942654294683921,-1.7160445266740973,61.47824164080737,58.72442747792993,47.06572865657191,61.47824164080737
56,7.447292960714549,95.51083811635783,8.59647035429218,7.589740070461312,-7.405306990507193,-0.2774846609732273,12.420965252030772,-1.606682195215587,55.80504371301282,58.95240981438104,44.924762367134676,55.80504371301282
56,0.6356799160130322,109.87382347861534,13.11442591560153,-0.006302089319485726,-7.405306990507193,-1.8492396029937748,-0.7859830059326673,-1.3191028090892836,47.4956516535762,37.57152590277578,37.038406099619166,47.4956516535762
56,1.0820350772701204,112.48614324506187,10.49897776574425,0.9529622534199126,-7.405306990507193,-5.595101429945184,-3.8282340378914537,-1.5236274607948033,44.546647996777956,35.0649010643255,37.369507641422146,44.546647996777956
56,8.187778915744275,105.4519489183404,8.058134108555723,7.3231951591356985,-7.405306990507193,-1.668347146632485,10.113900006476634,-0.3230914766692965,56.296875453587496,57.53392771486257,47.09693623171664,56.296875453587496
56,7.930769380182028,94.02031512074572,9.351073098121336,7.93840806109503,-7.405306990507193,1.1202008442686666,2.4949383303285884,-1.7919023747427374,57.63384862205448,49.60655459603983,45.3197138909685,57.63384862205448
56,0.5710703623481095,77.53105015741454,14.151065786998783,0.1739886101162712,-7.405306990507193,1.9428843867412013,-0.4710674850083787,9.288528996493655,47.97596684679319,37.80890995930216,47.56850644080419,47.97596684679319
56,9.076206176541746,101.71942262908699,12.351670188370031,8.500300012727603,-7.405306990507193,-3.8230209448836487,24.600562725732672,-0.32214458815472513,54.83506173936795,73.08670314707558,48.163995833188174,54.83506173936795
57,7.216386136133224,84.43275073995056,12.415849598571407,7.284102757278773,-3.8218743999723666,4.533956515146174,-17.963021586142954,-0.8770529250477281,62.81502055252873,31.87476737724455,48.960736038339775,62.81502055252873
57,9.027069946750998,109.68968306892351,13.786405531764402,9.757000291181479,-3.8218743999723666,-3.2054869758027507,5.86762620973135,-1.7064931027103367,59.77409086721843,57.87823574586018,50.30411643341849,59.77409086721843
57,5.3571426519192755,111.59268100087866,12.397219833316525,4.723365939086297,-3.8218743999723666,-1.830354792852491,3.0949814061595853,0.4924949378184056,56.93561008956614,50.70167818849035,48.09919172014917,56.93561008956614
57,3.4853933565318584,104.74021237180625,5.637434870582148,3.1358613494850687,-3.8218743999723666,0.5314480533153149,5.4288284862727885,-0.8890494010965138,56.3660669183618,50.78942611413865,44.47154822676935,56.3660669183618
57,8.33293377654627,84.42830762802649,12.039366389408473,8.254621397762358,-3.8218743999723666,1.2540811700239503,46.59162312606284,-1.327868232324074,60.87455806470976,97.76926925794601,49.849777899559086,60.87455806470976
57,7.903289911337197,88.6729406486672,9.211657190586461,7.620628838342835,-3.8218743999723666,-0.06236452154009474,21.85548852654743,-1.0676171220855508,59.46700303695889,72.5175620201797,49.59445637154672,59.46700303695889
57,5.314090603496879,92.62743535461126,10.133528229652024,4.8966169613436925,-3.8218743999723666,-1.7776961629475179,0.23325229315764814,-1.4645764928808358,55.040081696737495,47.78828661738154,46.09045783134305,55.040081696737495
57,7.7871897257864475,102.20838617661768,8.741918237062656,8.031190419870216,-3.8218743999723666,-5.245012800198887,9.155949945956587,-1.7198159238869721,55.498579088434255,59.67870321692796,48.8029373470844,55.498579088434255
57,0.5835894658230245,135.34754564927997,12.738195278218909,0.18071274095677026,-3.8218743999723666,-3.171504689513444,3.047257674300059,-0.3063091834312839,52.24168283442981,44.92569063331532,41.57212377558398,52.24168283442981
57,4.581104263197631,86.18996849341144,16.571312770059613,4.516391013921132,-3.8218743999723666,0.7937717369203443,-2.8799493832522924,6.048607988915702,56.08821930212628,43.795501332612496,52.72405870478049,56.08821930212628
57,0.22331040352582932,67.6472832518673,12.973089739163555,0.6153311540600799,-3.8218743999723666,1.0595237391958459,-0.4418671212918911,-0.13496016760853324,49.27035014864121,41.00423096296674,41.3111379166501,49.27035014864121
57,7.398891116026789,98.19399925658045,15.864304441405185,7.543668019609222,-3.8218743999723666,0.7388109699980915,-17.728217826919693,-1.5148815364339132,60.61500583491592,32.328577112340085,48.54191340282587,60.61500583491592
57,7.057370855472982,87.41133505654437,11.535741954535876,6.415107687845666,-3.8218743999723666,-0.21058256746801746,-15.05725908958951,-1.8505971008361801,58.177521564781635,34.589711537005705,47.79637352575903,58.177521564781635
57,0.05706669995561242,67.41340136927826,10.92510988673223,0.5814892617459675,-3.8218743999723666,-0.03854367960486342,-1.2138175122958543,1.023739456157853,47.94940209729733,40.032788127678515,42.270345096132225,47.94940209729733
57,4.707532201427966,86.88538035768569,13.572203806751096,4.9232874707914505,-3.8218743999723666,0.307242807883609,-8.162148594799723,-1.7006394250293642,55.82294508539338,38.66501564694147,45.12652481671183,55.82294508539338
57,5.9617256303317845,94.39630976646254,9.495254179550388,6.049243319973306,-3.8218743999723666,9.07726602118068,1.652346612859042,-0.5775338365556082,66.84909335425272,49.98454296928482,47.754662519870166,66.84909335425272
57,2.839935924857855,83.46703431855364,9.351670090330781,2.78794916755575,-3.8218743999723666,0.01669895610289217,4.682368920866546,-0.27207709058232754,52.94945109781532,49.268417630723604,44.31397161927473,52.94945109781532
57,0.5521929054521024,110.73489790995166,6.063533653358732,0.20617174883390033,-3.8218743999723666,-3.0725323891802865,-1.9679994479191611,-0.32554047371659456,49.84171448838504,39.872757638650995,41.515216612853564,49.84171448838504
57,3.778742903377861,113.61460458526263,7.548563645718583,3.448487630221528,-3.8218743999723666,3.1723200239419826,-9.105118958560867,0.06193193230482641,60.24639756654932,36.6074981255202,45.77454901638589,60.24639756654932
57,5.302238808944821,95.127922993223,11.116691655142866,4.920583178907313,-3.8218743999723666,4.380095162158677,2.6288507248353734,0.3551393702774994,61.433699632242394,50.169662895596794,47.89595154103892,61.433699632242394
58,2.5097806937992573,77.77621101577381,12.249288256978993,1.9528911974265355,-6.748543397453271,2.5156937292405317,-2.70829781107373,-1.6675035715171747,51.55650826592375,38.55489562403211,39.59568986358867,51.55650826592375
58,9.440864925272763,108.91256708295313,11.300005534641526,9.653867204034198,-6.748543397453271,-0.3614029946217291,-37.657262154659584,-1.7224283141532983,60.110348226547636,11.923232358214463,47.85806619872075,60.110348226547636
58,4.374882709234953,87.17687969320683,8.19300139495829,3.8308771411353906,-6.748543397453271,-4.7063501410664355,-0.9096322717487111,-1.832569601750268,47.512653681882924,42.59168358187996,41.66874625187841,47.512653681882924
58,7.010668076109141,87.5512369505118,9.691911316069978,7.177867871737739,-6.748543397453271,2.3095980568625487,10.652349521469858,-1.1067036983813185,57.72898004579143,57.31660781534756,45.557554595496384,57.72898004579143
58,1.7584789195097983,102.23660222446235,10.42163305125146,1.4183756569923331,-6.748543397453271,3.4220742704970992,-2.824186639089252,1.5008022750190662,54.00736579890182,37.537444666869234,41.86243358097756,54.00736579890182
58,2.419748227111995,85.35780937923928,13.798804556387877,2.76755877098911,-6.748543397453271,-3.588474742333875,-1.205913472407029,1.5771419380314924,46.102460670671185,39.9492410026741,42.73229641311262,46.102460670671185
58,0.23683182895183563,95.57973388515418,12.632079998153358,0.6506240034576043,-6.748543397453271,-3.143703889450452,0.3544630310031474,-1.5123411851262647,44.949924296353906,38.890117828292084,37.02331361216267,44.949924296353906
58,3.2877104869112372,88.4353762627698,10.346025449674043,3.296005201887091,-6.748543397453271,-2.051764916518844,1.0860419978591518,-1.2260803387607007,48.98848189659836,43.28275118469937,40.970628848079514,48.98848189659836
58,4.130914255511016,105.88425560618114,8.770858912985767,4.288961977440251,-6.748543397453271,-2.7271466144275505,-3.529337802421604,-1.790158551435659,51.06983265535051,39.67921590673835,41.41839515772429,51.06983265535051
58,1.087545556947589,87.30541142673258,11.667135759824088,1.1980864136976859,-6.748543397453271,-0.08509639040368326,-0.6494795772878488,-1.80523645039601,48.201956023153414,38.90703169359599,37.75127482048783,48.201956023153414
58,8.520522601902485,87.34360103604321,8.44721615621404,7.957759335290097,-6.748543397453271,-5.840285373169903,10.331021960627927,-1.632772418450509,51.37015845526413,58.80710568545764,46.843311306379206,51.37015845526413
58,0.09059938602149487,85.57167333567598,10.666231969561077,0.4124735245478501,-6.748543397453271,0.4330689483624429,1.2443518032757312,0.3114881922619974,47.35041214770256,39.60452766904826,38.67166405803452,47.35041214770256
58,9.697635287884623,100.16574480034816,11.384069860827983,10.007656892207464,-6.748543397453271,-1.080226328492457,-21.85404473335437,-1.3047446600402366,58.82496709955064,28.034574214653908,48.583874287968044,58.82496709955064
58,8.04646692238748,118.22423448132766,14.445050830569341,7.683208645962282,-6.748543397453271,3.9673007943522474,-15.096334957740742,2.3161276769414725,63.69694115189672,32.810881951670964,50.22334458635318,63.69694115189672
58,5.010397187434137,86.66682226392574,13.791724525278976,4.611989141059351,-6.748543397453271,-3.174690845914819,-2.080204280998562,-0.3997720413336514,49.75592460794545,42.18372894646913,43.86416118613405,49.75592460794545
58,9.34179139090702,103.27151892169906,12.407810126075804,9.486810048966284,-6.748543397453271,5.584516474496765,-22.29851164591785,10.419898091699906,65.37327463830182,27.163094625717306,59.88150436333506,65.37327463830182
58,4.678522227331996,90.15824500589443,11.568003175540797,4.244089281423666,-6.748543397453271,-0.5189694802598799,12.060232908040112,-1.6944570006805402,52.362538295674696,55.92591618338524,42.17122627466458,52.362538295674696
58,5.109767958056182,83.67226229079004,11.023987356129226,5.179872809595241,-6.748543397453271,0.3189389148831602,19.820470656655445,-1.775789125819362,53.06934329617632,64.20364880886959,42.607389026394785,53.06934329617632
58,8.322217967361212,116.36696347161546,13.204104627420405,8.57602733576997,-6.748543397453271,-2.4369750092180076,-1.76050025738404,0.31404225223177185,57.43783950132372,46.47761790599615,48.55216041561196,57.43783950132372
58,1.606495976448059,91.46159017513301,9.21179957295281,1.4991739848807557,-6.748543397453271,-5.496262417751453,-3.0448605366348693,-1.3303237265104073,43.82914837404625,37.13439123764953,38.848928047773995,43.82914837404625
59,5.213615249376744,124.312151958859,11.291672657777106,5.1562478108152945,3.733010855392243,-4.668227378591984,5.989641198230424,-1.6838536616700883,62.75233697193824,60.97899035287476,53.30549549297425,62.75233697193824
59,4.33566746301949,89.69517331624388,14.462099155884943,4.061536976570298,3.733010855392243,0.3439777923820901,-2.2873765999218336,-1.7770516038611373,63.24930693502211,51.6484352110938,52.158760207154494,63.24930693502211
59,3.318180844653398,109.85495055352948,10.373188343969964,3.1939959899188795,3.733010855392243,-0.07614566329013668,-3.251808690650748,-1.5542603225919793,63.62417726103914,49.463019178325574,51.16056754638434,63.62417726103914
59,4.480237509123981,116.66038322852056,8.946655636690002,4.252169689364938,3.733010855392243,3.854828401929698,-5.586776571808708,-0.9974139118996552,69.63016259112277,48.522519294532316,53.111881954441365,69.63016259112277
59,0.4116736026480794,132.11081095099493,12.001826308038114,1.4254120947969364,3.733010855392243,-0.35169412913977355,1.2737946585199629,0.8369766368353095,62.08640614452966,50.5008138370899,50.06399581540525,62.08640614452966
59,2.43364050751552,87.53542286301406,12.59031580900906,2.6742548947691502,3.733010855392243,3.8577683774731524,-3.778962714225651,-0.06017659665729114,64.26469012818544,47.87441675018522,51.593202867753575,64.26469012818544
59,1.0316965589299798,101.14608784297204,15.413075131742538,1.4827210424626913,3.733010855392243,5.09827789932839,-3.3916771708856377,-1.0221651852959361,65.18393340973381,46.579369555222584,48.94888154081228,65.18393340973381
59,3.6313094780780375,114.03736669298578,10.185007919630614,3.4432088519258253,3.733010855392243,0.809709251862288,-1.8481826913627946,-0.8449246268015405,65.30402815024675,51.242399537723095,52.245657602284346,65.30402815024675
59,6.577420325484127,92.47499945702785,10.946772379403786,6.494448924617205,3.733010855392243,2.9534935826293314,0.6430520830256178,-1.301391827455942,68.82690877430531,57.26896732899881,55.32452341851725,68.82690877430531
59,4.250396571587771,108.9228019577677,14.480017111004617,5.348665916668131,3.733010855392243,-1.1902901508873025,3.7980435419414116,-0.9500235168958926,63.53547678618704,57.63153028323898,52.88346322440168,63.53547678618704
59,0.7219259534031153,93.54023246295444,11.464196361622577,0.3898096674529077,3.733010855392243,-4.6979708442555435,2.715603862625409,0.9682059565668062,54.25537440151588,52.31492586210139,50.56752795604279,54.25537440151588
59,6.871411914471537,82.99991420990813,12.608472698773943,6.614331863029314,3.733010855392243,-0.6095780120937653,1.9405555139212418,-1.5967308124033606,64.66911856165514,58.91926066667933,55.38197434035473,64.66911856165514
59,8.527860280591995,66.44242660345554,12.940606911361982,8.471215488165111,3.733010855392243,-0.5393686260773649,-27.951791362374788,-1.7066305505485728,65.07131722637082,31.01465182972785,57.25981264155406,65.07131722637082
59,8.672175528481603,107.71959358664714,14.57238434869699,9.113921988853079,3.733010855392243,-3.573355826495681,8.095006014795432,-1.5468903634784927,66.33822502173919,67.2346275043656,57.59273112609168,66.33822502173919
59,0.8908185944892466,94.87139327255616,13.833954520059875,-0.3095913149134546,3.733010855392243,-0.3423270171326853,1.9708250522232016,-1.198591435509245,58.94680547890228,51.772818221002545,48.6034017332701,58.94680547890228
59,0.13038113247603178,125.76816143228933,11.918054670740178,0.9518186633030438,3.733010855392243,4.5452342833603065,-1.2151116552762513,-1.030301313577917,66.01151864095272,47.67435655908723,47.85916690078557,66.01151864095272
59,4.232560701202601,83.25433137013059,9.421674386569567,3.7950422802860526,3.733010855392243,-1.2757310979187073,-4.322743673324345,-0.08429141069284318,60.861785735929715,49.48934002351102,53.727792286142524,60.861785735929715
59,9.73258450627327,92.67280571255729,11.841405260107761,9.241959100215917,3.733010855392243,5.464363529597046,-0.5619511386436228,-1.6659807849132027,75.14375636377294,59.850161124276546,58.746131478006966,75.14375636377294
59,4.9906808766536415,112.10998440111638,13.479789604638292,4.853769985796727,3.733010855392243,-2.99347893925483,9.60093429964138,-1.2162933563656086,62.93934740823342,64.322762207018,53.505534551011,62.93934740823342
59,9.94652604451403,96.08486887493821,14.55352046056736,10.209939075792333,3.733010855392243,-3.996738446975193,14.171588431002766,-1.5557717328878116,66.28059054932771,74.84043053981185,59.11307037592127,66.28059054932771
60,4.94881821796298,107.32089876739869,13.330265634211903,4.608240176858941,6.0558035020312,-4.418768856777314,4.299660502405325,-1.6443137016806997,63.30770638354934,61.294045865992096,55.35007166190607,63.30770638354934
60,1.2303560134023428,120.29175731454265,8.954619290810127,0.47996280143021863,6.0558035020312,1.0622391397224193,-2.788707617158934,8.405311504756048,65.6236455892907,49.74352310095507,60.93754222287006,65.6236455892907
60,5.603857615496963,132.65223386963882,12.25244622337073,5.407914958917475,6.0558035020312,-0.8050849919376071,8.929625201240718,-1.4368634849425361,70.24057103565383,66.71005784186826,56.34356915568502,70.24057103565383
60,2.3929252685047686,100.77080666810257,9.737235763998278,2.524222629588513,6.0558035020312,0.38560044122248793,-2.548951289840229,0.31464308385574413,64.38999493226967,51.378362534396686,54.24195690809266,64.38999493226967
60,7.25250527728349,87.42856832146879,11.045149529167468,7.598570098005938,6.0558035020312,2.9002636294368327,-2.3086219192450903,-1.7783458643554382,71.4019302963551,57.45018791552629,57.98046397041595,71.4019302963551
60,7.860273951664567,83.73077486037366,9.803054411060433,8.316160638404178,6.0558035020312,4.1020836117022705,-10.607867582756123,0.8807121068470443,72.96329334176832,49.880264661272555,61.36884435087572,72.96329334176832
60,4.497818856034428,91.80200846389988,15.414884732843262,4.324236750744024,6.0558035020312,-1.4377733355492623,-2.2098366437857035,-1.807342812252335,64.19561364011324,54.2433494854868,54.64584331702017,64.19561364011324
60,4.690799191594124,93.60235442942941,11.631794080800194,5.275989510333981,6.0558035020312,4.957107428725779,-4.620294937718889,9.351584477310187,71.00210540361287,52.064467594225256,66.03634700925433,71.00210540361287
60,4.0186002384871244,81.83503666900322,15.722852441400391,4.4977233228733535,6.0558035020312,-0.43735738166470384,3.9870350494956734,-1.265411050511593,63.62427007345136,59.86515883771142,54.61271273770415,63.62427007345136
60,9.023755120579153,108.96689496668537,8.515905867471128,8.838840456800737,6.0558035020312,-0.9996475490056097,-9.084631691545496,-0.8593628416076593,71.78135159438911,52.799677955180684,61.02494680511852,71.78135159438911
60,5.6368840974755585,121.35843683625902,10.433085157409877,6.00202320017233,6.0558035020312,-4.068770055772243,-8.08133019223795,2.654945063061769,65.88713804685553,49.73873422676392,60.47500948206363,65.88713804685553
60,6.909966764505953,93.35052061662482,13.59054108462167,7.332593674372293,6.0558035020312,-3.1253888337840876,33.329394056472466,1.62423713845464,65.55742684731673,92.6771576759108,60.97200075789298,65.55742684731673
60,3.322742369491607,84.39499801488567,10.935459980017969,2.7701206590485805,6.0558035020312,-0.2779418042880552,1.7083848162307693,-1.6434988990889534,63.204652342621635,56.75147916165189,53.39959544633217,63.204652342621635
60,0.9486410627141595,80.89154382389128,15.971608685477795,1.557609731245769,6.0558035020312,0.658395282263516,0.7359948851670207,-1.5308150080398675,60.941722441940826,52.93016766245521,50.66335776924832,60.941722441940826
60,9.37903824262321,111.55227418017695,10.696399168991203,9.347830529000557,6.0558035020312,-2.9390405556445742,-41.97294749137923,0.8437540469066611,70.52683625555215,20.337701901799818,63.15440344008571,70.52683625555215
60,6.710190637968481,100.47283932964794,7.68607586305675,6.911129159740994,6.0558035020312,3.3155361027949732,7.45416929655691,-1.463359376923133,72.47085230335315,66.56220156415029,57.64467289067024,72.47085230335315
60,0.14994091587141156,71.427178728426,11.815945006150526,0.11505566428950394,6.0558035020312,3.824103344307127,1.3282994788056406,-1.3985486970236516,62.202553818226626,52.56403207988253,49.83718390405324,62.202553818226626
60,1.1311376839876175,98.14367234281644,11.205199766002684,0.8547563296296947,6.0558035020312,-5.813531437313616,0.04928493339756233,-1.2924465298584153,56.41400451978437,52.4624536562139,51.12072219295792,56.41400451978437
60,8.477908575441688,100.00492565820157,11.723345394858267,9.088477747085195,6.0558035020312,-2.1398823393727717,-35.73636272880377,-1.8804355773425798,69.0899040190086,25.492931063757453,59.34885821521864,69.0899040190086
60,4.468194418586791,87.34332482906714,10.348470001524294,4.993821091493229,6.0558035020312,2.159650768371446,5.914026188743968,0.7192257063084757,67.31162005561352,62.33166299307931,57.13686251064382,67.31162005561352
