subject,icontrol,trial,task,performance
1,-0.08488929937633298,1,Perceptual Reasoning,17.99797841189604
1,-0.08488929937633298,2,Processing Speed,14.412448439773884
1,-0.08488929937633298,3,Working Memory,22.43995251844697
1,-0.08488929937633298,4,Working Memory,17.173732842362607
1,-0.08488929937633298,5,Working Memory,21.686384353468583
1,-0.08488929937633298,6,Perceptual Reasoning,14.800008647199727
1,-0.08488929937633298,7,Verbal Reasoning,16.323772758030135
1,-0.08488929937633298,8,Processing Speed,12.279901620948102
1,-0.08488929937633298,9,Verbal Reasoning,11.516448043125576
1,-0.08488929937633298,10,Processing Speed,9.93144000419781
1,-0.08488929937633298,11,Verbal Reasoning,9.662283600231484
1,-0.08488929937633298,12,Perceptual Reasoning,17.233756145998857
2,1.5824340210467664,1,Perceptual Reasoning,10.168538523692249
2,1.5824340210467664,2,Verbal Reasoning,13.06792503889573
2,1.5824340210467664,3,Perceptual Reasoning,17.62073001190533
2,1.5824340210467664,4,Verbal Reasoning,14.958067149981428
2,1.5824340210467664,5,Processing Speed,14.770370312296755
2,1.5824340210467664,6,Verbal Reasoning,11.399510446032203
2,1.5824340210467664,7,Perceptual Reasoning,14.350546379262479
2,1.5824340210467664,8,Processing Speed,11.717859138180785
2,1.5824340210467664,9,Working Memory,21.91603243923598
2,1.5824340210467664,10,Working Memory,22.483111260717948
2,1.5824340210467664,11,Working Memory,22.197936337035355
2,1.5824340210467664,12,Processing Speed,11.030025769960112
3,-2.407024830732582,1,Verbal Reasoning,-3.0344273854096118
3,-2.407024830732582,2,Perceptual Reasoning,-5.355481852680255
3,-2.407024830732582,3,Processing Speed,1.277633467249205
3,-2.407024830732582,4,Verbal Reasoning,-3.3670774013426747
3,-2.407024830732582,5,Perceptual Reasoning,-2.762739752294634
3,-2.407024830732582,6,Perceptual Reasoning,0.4383079705263544
3,-2.407024830732582,7,Verbal Reasoning,0.8903013932818964
3,-2.407024830732582,8,Working Memory,-0.5959979284779129
3,-2.407024830732582,9,Processing Speed,1.141397003378425
3,-2.407024830732582,10,Working Memory,-3.2637167322617295
3,-2.407024830732582,11,Processing Speed,3.8157864547093294
3,-2.407024830732582,12,Working Memory,-5.726564701987488
4,-0.31194790005413164,1,Verbal Reasoning,15.296438447727501
4,-0.31194790005413164,2,Processing Speed,19.443800182898276
4,-0.31194790005413164,3,Working Memory,20.829315044864323
4,-0.31194790005413164,4,Perceptual Reasoning,11.164427718818722
4,-0.31194790005413164,5,Perceptual Reasoning,8.152408557680468
4,-0.31194790005413164,6,Processing Speed,16.497159811976747
4,-0.31194790005413164,7,Verbal Reasoning,11.795874374101746
4,-0.31194790005413164,8,Working Memory,21.458740281283564
4,-0.31194790005413164,9,Processing Speed,19.185821859284662
4,-0.31194790005413164,10,Working Memory,27.253975059986416
4,-0.31194790005413164,11,Verbal Reasoning,16.95535397689515
4,-0.31194790005413164,12,Perceptual Reasoning,14.186781114676576
5,-1.0820444470542057,1,Verbal Reasoning,8.165790092130958
5,-1.0820444470542057,2,Processing Speed,8.778538256262305
5,-1.0820444470542057,3,Working Memory,15.4303771361609
5,-1.0820444470542057,4,Verbal Reasoning,10.313417009913339
5,-1.0820444470542057,5,Verbal Reasoning,9.666327754652087
5,-1.0820444470542057,6,Perceptual Reasoning,8.568990211953075
5,-1.0820444470542057,7,Perceptual Reasoning,10.544463578357995
5,-1.0820444470542057,8,Processing Speed,9.258977834301847
5,-1.0820444470542057,9,Perceptual Reasoning,9.430103175231245
5,-1.0820444470542057,10,Working Memory,8.501238379261277
5,-1.0820444470542057,11,Processing Speed,5.554131879870808
5,-1.0820444470542057,12,Working Memory,11.066335941066418
6,0.8216438658399389,1,Processing Speed,26.236901935581272
6,0.8216438658399389,2,Processing Speed,26.388383293943733
6,0.8216438658399389,3,Working Memory,33.487642835235356
6,0.8216438658399389,4,Processing Speed,28.30080157213791
6,0.8216438658399389,5,Working Memory,28.703508991768974
6,0.8216438658399389,6,Verbal Reasoning,20.184340424525477
6,0.8216438658399389,7,Verbal Reasoning,22.05263957221377
6,0.8216438658399389,8,Working Memory,23.876296806069
6,0.8216438658399389,9,Perceptual Reasoning,14.871641345817695
6,0.8216438658399389,10,Verbal Reasoning,18.85439882762565
6,0.8216438658399389,11,Perceptual Reasoning,19.29424398407016
6,0.8216438658399389,12,Perceptual Reasoning,18.729270464251442
7,0.5554264705369117,1,Verbal Reasoning,25.97405366324623
7,0.5554264705369117,2,Working Memory,29.765457952137552
7,0.5554264705369117,3,Perceptual Reasoning,24.57196927636163
7,0.5554264705369117,4,Verbal Reasoning,26.947724005056866
7,0.5554264705369117,5,Processing Speed,21.029277694925803
7,0.5554264705369117,6,Perceptual Reasoning,25.05680737371507
7,0.5554264705369117,7,Verbal Reasoning,24.378409342436406
7,0.5554264705369117,8,Perceptual Reasoning,29.660878709521356
7,0.5554264705369117,9,Working Memory,30.9025018490843
7,0.5554264705369117,10,Processing Speed,25.781743336372703
7,0.5554264705369117,11,Working Memory,30.722670260223232
7,0.5554264705369117,12,Processing Speed,25.619773105346383
8,-2.322027416938862,1,Processing Speed,-0.761241673142314
8,-2.322027416938862,2,Verbal Reasoning,-7.365234997999011
8,-2.322027416938862,3,Perceptual Reasoning,-7.910478985363525
8,-2.322027416938862,4,Perceptual Reasoning,-2.3019667231738197
8,-2.322027416938862,5,Working Memory,-2.55718127102278
8,-2.322027416938862,6,Perceptual Reasoning,-1.1878889124313585
8,-2.322027416938862,7,Working Memory,1.541676194510873
8,-2.322027416938862,8,Working Memory,-2.2153260307549334
8,-2.322027416938862,9,Processing Speed,0.8764590765205815
8,-2.322027416938862,10,Verbal Reasoning,-2.464218022200633
8,-2.322027416938862,11,Processing Speed,-2.0332473502959205
8,-2.322027416938862,12,Verbal Reasoning,-5.342672242303811
9,-0.07280288997615973,1,Perceptual Reasoning,10.25162110509157
9,-0.07280288997615973,2,Working Memory,14.4162643790311
9,-0.07280288997615973,3,Working Memory,12.432081214462958
9,-0.07280288997615973,4,Perceptual Reasoning,14.565258614993173
9,-0.07280288997615973,5,Verbal Reasoning,14.323438423373371
9,-0.07280288997615973,6,Working Memory,19.004299618599312
9,-0.07280288997615973,7,Processing Speed,17.115656290416872
9,-0.07280288997615973,8,Perceptual Reasoning,16.752739900701172
9,-0.07280288997615973,9,Processing Speed,17.738558811620766
9,-0.07280288997615973,10,Verbal Reasoning,12.807534132257725
9,-0.07280288997615973,11,Verbal Reasoning,13.150868762260464
9,-0.07280288997615973,12,Processing Speed,13.725094463438088
10,2.596567487225064,1,Working Memory,45.4577805519648
10,2.596567487225064,2,Perceptual Reasoning,34.53011987448358
10,2.596567487225064,3,Processing Speed,44.99273893056875
10,2.596567487225064,4,Perceptual Reasoning,30.748404223097456
10,2.596567487225064,5,Processing Speed,40.65156228132547
10,2.596567487225064,6,Perceptual Reasoning,31.881896833623475
10,2.596567487225064,7,Verbal Reasoning,31.610690256918623
10,2.596567487225064,8,Verbal Reasoning,33.27841785176622
10,2.596567487225064,9,Verbal Reasoning,32.48112967131791
10,2.596567487225064,10,Working Memory,44.576876871857785
10,2.596567487225064,11,Processing Speed,31.639515095544958
10,2.596567487225064,12,Working Memory,37.99987529996501
11,0.11351007466535375,1,Working Memory,16.413632331271078
11,0.11351007466535375,2,Working Memory,17.517040979107964
11,0.11351007466535375,3,Perceptual Reasoning,12.138467394519823
11,0.11351007466535375,4,Verbal Reasoning,11.443764746891473
11,0.11351007466535375,5,Perceptual Reasoning,11.84157828287677
11,0.11351007466535375,6,Verbal Reasoning,17.623474024472184
11,0.11351007466535375,7,Perceptual Reasoning,12.286185707354704
11,0.11351007466535375,8,Processing Speed,25.80654657899942
11,0.11351007466535375,9,Processing Speed,24.718020306839872
11,0.11351007466535375,10,Working Memory,19.50815039723346
11,0.11351007466535375,11,Processing Speed,25.635712769506465
11,0.11351007466535375,12,Verbal Reasoning,16.980507496559007
12,1.2878906221163167,1,Perceptual Reasoning,17.89053132074461
12,1.2878906221163167,2,Verbal Reasoning,29.12642973915153
12,1.2878906221163167,3,Perceptual Reasoning,24.78671077675585
12,1.2878906221163167,4,Working Memory,37.993858560107334
12,1.2878906221163167,5,Working Memory,40.383573459200356
12,1.2878906221163167,6,Verbal Reasoning,27.871260323141694
12,1.2878906221163167,7,Processing Speed,25.44858502162364
12,1.2878906221163167,8,Verbal Reasoning,27.39360173200745
12,1.2878906221163167,9,Processing Speed,30.310312001228848
12,1.2878906221163167,10,Processing Speed,28.78258807685883
12,1.2878906221163167,11,Working Memory,41.129376849969226
12,1.2878906221163167,12,Perceptual Reasoning,18.228597949389794
13,0.27856510519949934,1,Verbal Reasoning,19.466034014370816
13,0.27856510519949934,2,Processing Speed,18.853904221101274
13,0.27856510519949934,3,Processing Speed,18.00696931800402
13,0.27856510519949934,4,Verbal Reasoning,18.791923195129286
13,0.27856510519949934,5,Perceptual Reasoning,14.888440730702118
13,0.27856510519949934,6,Working Memory,19.88642932313548
13,0.27856510519949934,7,Perceptual Reasoning,15.018661444054425
13,0.27856510519949934,8,Working Memory,17.659933224469157
13,0.27856510519949934,9,Verbal Reasoning,15.092857534297853
13,0.27856510519949934,10,Perceptual Reasoning,8.268178521694486
13,0.27856510519949934,11,Processing Speed,13.344814335003887
13,0.27856510519949934,12,Working Memory,17.459037350103106
14,1.3797683699710748,1,Processing Speed,16.938301986640614
14,1.3797683699710748,2,Working Memory,26.630458954234935
14,1.3797683699710748,3,Verbal Reasoning,19.681895896426294
14,1.3797683699710748,4,Processing Speed,19.12702229368719
14,1.3797683699710748,5,Perceptual Reasoning,9.122466477400081
14,1.3797683699710748,6,Working Memory,24.401912818900108
14,1.3797683699710748,7,Perceptual Reasoning,13.750754774033572
14,1.3797683699710748,8,Verbal Reasoning,22.03766340190266
14,1.3797683699710748,9,Perceptual Reasoning,14.924252281637576
14,1.3797683699710748,10,Working Memory,25.645089927586696
14,1.3797683699710748,11,Verbal Reasoning,14.561488855423276
14,1.3797683699710748,12,Processing Speed,18.61130079245245
15,-0.48903456541397666,1,Working Memory,19.383691171765282
15,-0.48903456541397666,2,Verbal Reasoning,17.727577724192066
15,-0.48903456541397666,3,Processing Speed,14.4389848277327
15,-0.48903456541397666,4,Processing Speed,20.924092685807505
15,-0.48903456541397666,5,Verbal Reasoning,14.134570000639787
15,-0.48903456541397666,6,Working Memory,20.465462525316546
15,-0.48903456541397666,7,Processing Speed,19.29882511628107
15,-0.48903456541397666,8,Perceptual Reasoning,12.676288899077466
15,-0.48903456541397666,9,Perceptual Reasoning,13.948928572220478
15,-0.48903456541397666,10,Perceptual Reasoning,10.717220918220361
15,-0.48903456541397666,11,Verbal Reasoning,12.461039722183848
15,-0.48903456541397666,12,Working Memory,21.407968664091587
16,0.4059088374495593,1,Processing Speed,19.426357909152692
16,0.4059088374495593,2,Processing Speed,19.89926632738313
16,0.4059088374495593,3,Working Memory,16.523951704849587
16,0.4059088374495593,4,Verbal Reasoning,11.395129508167923
16,0.4059088374495593,5,Perceptual Reasoning,10.888484082257897
16,0.4059088374495593,6,Working Memory,24.553989484498636
16,0.4059088374495593,7,Verbal Reasoning,16.09230575341345
16,0.4059088374495593,8,Working Memory,22.88778950356646
16,0.4059088374495593,9,Verbal Reasoning,20.764389963445183
16,0.4059088374495593,10,Perceptual Reasoning,16.48722106893324
16,0.4059088374495593,11,Processing Speed,15.41917081175993
16,0.4059088374495593,12,Perceptual Reasoning,9.764637469206216
17,-0.08760765255421779,1,Processing Speed,9.704945446775778
17,-0.08760765255421779,2,Working Memory,15.60103543916058
17,-0.08760765255421779,3,Processing Speed,8.914290541969333
17,-0.08760765255421779,4,Working Memory,14.01561565230425
17,-0.08760765255421779,5,Perceptual Reasoning,4.403942336529928
17,-0.08760765255421779,6,Working Memory,10.817873032298895
17,-0.08760765255421779,7,Perceptual Reasoning,6.316205673220773
17,-0.08760765255421779,8,Verbal Reasoning,6.155024396945597
17,-0.08760765255421779,9,Verbal Reasoning,4.340273018869252
17,-0.08760765255421779,10,Processing Speed,4.003913096959746
17,-0.08760765255421779,11,Verbal Reasoning,8.760404464003983
17,-0.08760765255421779,12,Perceptual Reasoning,4.251382015312576
18,0.4537637999082789,1,Working Memory,15.106852143634994
18,0.4537637999082789,2,Verbal Reasoning,7.500288096528039
18,0.4537637999082789,3,Working Memory,19.00795940034696
18,0.4537637999082789,4,Verbal Reasoning,10.952411896745204
18,0.4537637999082789,5,Processing Speed,6.7601692061381
18,0.4537637999082789,6,Working Memory,18.88801058825773
18,0.4537637999082789,7,Verbal Reasoning,13.8437334930297
18,0.4537637999082789,8,Perceptual Reasoning,10.310258604994289
18,0.4537637999082789,9,Processing Speed,15.186614028608538
18,0.4537637999082789,10,Processing Speed,10.808397202930651
18,0.4537637999082789,11,Perceptual Reasoning,2.3314489993371827
18,0.4537637999082789,12,Perceptual Reasoning,4.628111096235266
19,-2.254247232283045,1,Verbal Reasoning,-1.7390852658485745
19,-2.254247232283045,2,Processing Speed,0.6385096513576065
19,-2.254247232283045,3,Verbal Reasoning,-0.56658185118446
19,-2.254247232283045,4,Perceptual Reasoning,0.9474360069345629
19,-2.254247232283045,5,Working Memory,5.742064743378083
19,-2.254247232283045,6,Processing Speed,-2.7528811925292196
19,-2.254247232283045,7,Perceptual Reasoning,-1.0377570948622834
19,-2.254247232283045,8,Perceptual Reasoning,0.42014838180699243
19,-2.254247232283045,9,Verbal Reasoning,5.288000115272558
19,-2.254247232283045,10,Working Memory,4.0046891591306055
19,-2.254247232283045,11,Working Memory,3.7710560315335995
19,-2.254247232283045,12,Processing Speed,-3.0169398095812743
20,-1.2775005909558916,1,Working Memory,10.286205255294794
20,-1.2775005909558916,2,Verbal Reasoning,6.041900435919192
20,-1.2775005909558916,3,Processing Speed,11.291035993198333
20,-1.2775005909558916,4,Verbal Reasoning,8.155769288374149
20,-1.2775005909558916,5,Perceptual Reasoning,15.833473010443647
20,-1.2775005909558916,6,Processing Speed,16.180475736718247
20,-1.2775005909558916,7,Verbal Reasoning,5.718933485004578
20,-1.2775005909558916,8,Working Memory,14.68247221373404
20,-1.2775005909558916,9,Perceptual Reasoning,11.755268497693223
20,-1.2775005909558916,10,Working Memory,14.983103150308615
20,-1.2775005909558916,11,Perceptual Reasoning,12.132386713475523
20,-1.2775005909558916,12,Processing Speed,14.556207189919041
21,-0.1649414044658407,1,Verbal Reasoning,7.652733129194134
21,-0.1649414044658407,2,Verbal Reasoning,7.750476687051085
21,-0.1649414044658407,3,Verbal Reasoning,7.582268381803283
21,-0.1649414044658407,4,Processing Speed,11.962956466557229
21,-0.1649414044658407,5,Perceptual Reasoning,11.611980273610357
21,-0.1649414044658407,6,Processing Speed,13.795375437199269
21,-0.1649414044658407,7,Working Memory,13.578713705868974
21,-0.1649414044658407,8,Perceptual Reasoning,6.711286816978678
21,-0.1649414044658407,9,Working Memory,5.814487734528347
21,-0.1649414044658407,10,Working Memory,8.8702336358264
21,-0.1649414044658407,11,Perceptual Reasoning,3.7785683422634775
21,-0.1649414044658407,12,Processing Speed,9.964273204591725
22,-0.4145817376242829,1,Verbal Reasoning,5.698580892007869
22,-0.4145817376242829,2,Verbal Reasoning,7.599676818441401
22,-0.4145817376242829,3,Processing Speed,11.276324756617234
22,-0.4145817376242829,4,Perceptual Reasoning,0.48054999796362186
22,-0.4145817376242829,5,Verbal Reasoning,1.749867590062645
22,-0.4145817376242829,6,Processing Speed,5.345727850938527
22,-0.4145817376242829,7,Perceptual Reasoning,2.552075036017952
22,-0.4145817376242829,8,Working Memory,12.770160498619713
22,-0.4145817376242829,9,Working Memory,10.774248431114302
22,-0.4145817376242829,10,Perceptual Reasoning,4.887863968827396
22,-0.4145817376242829,11,Processing Speed,-0.2436091942195837
22,-0.4145817376242829,12,Working Memory,16.586862314633066
23,0.9528809570773803,1,Verbal Reasoning,10.847440036146043
23,0.9528809570773803,2,Verbal Reasoning,12.032893488546035
23,0.9528809570773803,3,Verbal Reasoning,8.45957417280245
23,0.9528809570773803,4,Working Memory,12.360473798134963
23,0.9528809570773803,5,Processing Speed,5.971933333395796
23,0.9528809570773803,6,Processing Speed,4.3699281147166715
23,0.9528809570773803,7,Processing Speed,8.009553741711988
23,0.9528809570773803,8,Working Memory,12.29314858627048
23,0.9528809570773803,9,Perceptual Reasoning,-0.6668004714333753
23,0.9528809570773803,10,Working Memory,12.446479286512979
23,0.9528809570773803,11,Perceptual Reasoning,3.960307898407772
23,0.9528809570773803,12,Perceptual Reasoning,4.781544893825163
24,-0.30018245047562114,1,Verbal Reasoning,16.258869730242605
24,-0.30018245047562114,2,Working Memory,21.743439207002286
24,-0.30018245047562114,3,Processing Speed,20.7741074598776
24,-0.30018245047562114,4,Processing Speed,21.87853979235721
24,-0.30018245047562114,5,Perceptual Reasoning,18.994712345155087
24,-0.30018245047562114,6,Perceptual Reasoning,18.340610342613772
24,-0.30018245047562114,7,Perceptual Reasoning,14.600927637840122
24,-0.30018245047562114,8,Working Memory,20.150955568413664
24,-0.30018245047562114,9,Verbal Reasoning,15.704550843532747
24,-0.30018245047562114,10,Working Memory,19.79334217700802
24,-0.30018245047562114,11,Verbal Reasoning,19.37749461109835
24,-0.30018245047562114,12,Processing Speed,17.140188831768103
25,-0.010688737261672226,1,Working Memory,17.98580314378291
25,-0.010688737261672226,2,Working Memory,23.93598964069831
25,-0.010688737261672226,3,Processing Speed,19.62952999410107
25,-0.010688737261672226,4,Perceptual Reasoning,11.368637510342246
25,-0.010688737261672226,5,Processing Speed,19.61401160001542
25,-0.010688737261672226,6,Perceptual Reasoning,13.690088680928797
25,-0.010688737261672226,7,Processing Speed,20.493490913327296
25,-0.010688737261672226,8,Perceptual Reasoning,12.005439287536898
25,-0.010688737261672226,9,Verbal Reasoning,18.497721164322282
25,-0.010688737261672226,10,Verbal Reasoning,14.000164946316175
25,-0.010688737261672226,11,Verbal Reasoning,15.213176853702624
25,-0.010688737261672226,12,Working Memory,23.043400700465035
26,1.0191254769167848,1,Perceptual Reasoning,9.201739179408627
26,1.0191254769167848,2,Working Memory,21.02911900724626
26,1.0191254769167848,3,Perceptual Reasoning,6.969845217216106
26,1.0191254769167848,4,Processing Speed,-0.7518418526473969
26,1.0191254769167848,5,Verbal Reasoning,8.932610942471124
26,1.0191254769167848,6,Verbal Reasoning,11.546385840732995
26,1.0191254769167848,7,Working Memory,16.449839463971003
26,1.0191254769167848,8,Processing Speed,3.803500012474526
26,1.0191254769167848,9,Processing Speed,3.6127573032747327
26,1.0191254769167848,10,Perceptual Reasoning,5.440559539961729
26,1.0191254769167848,11,Verbal Reasoning,13.28807270961696
26,1.0191254769167848,12,Working Memory,15.57204826586655
27,0.6756731609177424,1,Processing Speed,8.918722434201829
27,0.6756731609177424,2,Verbal Reasoning,5.6702320158983355
27,0.6756731609177424,3,Perceptual Reasoning,0.4805324871501342
27,0.6756731609177424,4,Verbal Reasoning,7.199091960180126
27,0.6756731609177424,5,Perceptual Reasoning,2.569574526993007
27,0.6756731609177424,6,Verbal Reasoning,7.720476424761338
27,0.6756731609177424,7,Processing Speed,3.3846498187033625
27,0.6756731609177424,8,Processing Speed,1.1405568580085488
27,0.6756731609177424,9,Working Memory,8.207566807928877
27,0.6756731609177424,10,Working Memory,9.214688129057151
27,0.6756731609177424,11,Working Memory,8.331205378344707
27,0.6756731609177424,12,Perceptual Reasoning,1.8251356858341956
28,-0.2774980531191591,1,Processing Speed,13.43930012721202
28,-0.2774980531191591,2,Perceptual Reasoning,12.58357368753014
28,-0.2774980531191591,3,Verbal Reasoning,12.38813899950395
28,-0.2774980531191591,4,Working Memory,13.039365050521585
28,-0.2774980531191591,5,Perceptual Reasoning,10.068875535335307
28,-0.2774980531191591,6,Working Memory,10.09982063157124
28,-0.2774980531191591,7,Perceptual Reasoning,9.90921416496699
28,-0.2774980531191591,8,Processing Speed,14.887301579908147
28,-0.2774980531191591,9,Verbal Reasoning,10.570456855618687
28,-0.2774980531191591,10,Working Memory,14.553979765267927
28,-0.2774980531191591,11,Verbal Reasoning,11.35664859321716
28,-0.2774980531191591,12,Processing Speed,13.235614773472879
29,0.6539091391100423,1,Working Memory,22.83448291383573
29,0.6539091391100423,2,Working Memory,22.398827124693465
29,0.6539091391100423,3,Processing Speed,17.314194645124466
29,0.6539091391100423,4,Processing Speed,15.288175906612953
29,0.6539091391100423,5,Processing Speed,16.486145837998603
29,0.6539091391100423,6,Verbal Reasoning,11.924459404794028
29,0.6539091391100423,7,Verbal Reasoning,17.114845487058794
29,0.6539091391100423,8,Perceptual Reasoning,15.169867879075444
29,0.6539091391100423,9,Working Memory,30.40385886487261
29,0.6539091391100423,10,Verbal Reasoning,18.044465219893315
29,0.6539091391100423,11,Perceptual Reasoning,14.674193346939068
29,0.6539091391100423,12,Perceptual Reasoning,12.387703845367495
30,0.08035019013002248,1,Perceptual Reasoning,10.496178108090064
30,0.08035019013002248,2,Working Memory,14.61942511482248
30,0.08035019013002248,3,Verbal Reasoning,4.6124334769715025
30,0.08035019013002248,4,Working Memory,12.23340291431011
30,0.08035019013002248,5,Processing Speed,7.540952013109176
30,0.08035019013002248,6,Perceptual Reasoning,5.312505166595738
30,0.08035019013002248,7,Verbal Reasoning,9.192814004657205
30,0.08035019013002248,8,Processing Speed,12.557103153955907
30,0.08035019013002248,9,Perceptual Reasoning,8.800827451577124
30,0.08035019013002248,10,Working Memory,8.645057029445605
30,0.08035019013002248,11,Processing Speed,7.01209720315333
30,0.08035019013002248,12,Verbal Reasoning,9.638728418530434
31,0.4559026069188018,1,Perceptual Reasoning,14.35262762482067
31,0.4559026069188018,2,Working Memory,29.467398650617902
31,0.4559026069188018,3,Working Memory,25.594482998832742
31,0.4559026069188018,4,Verbal Reasoning,17.97819812507533
31,0.4559026069188018,5,Processing Speed,21.602204627093666
31,0.4559026069188018,6,Working Memory,28.070455634673348
31,0.4559026069188018,7,Verbal Reasoning,21.978694275665244
31,0.4559026069188018,8,Processing Speed,20.912904144593043
31,0.4559026069188018,9,Perceptual Reasoning,7.521767485549346
31,0.4559026069188018,10,Verbal Reasoning,7.650391663797774
31,0.4559026069188018,11,Perceptual Reasoning,13.756593551646572
31,0.4559026069188018,12,Processing Speed,20.136120891963
32,0.8345320604579236,1,Working Memory,23.67394544924096
32,0.8345320604579236,2,Perceptual Reasoning,17.286218755838533
32,0.8345320604579236,3,Verbal Reasoning,19.21810835329239
32,0.8345320604579236,4,Working Memory,27.13970139155711
32,0.8345320604579236,5,Processing Speed,18.364664466175714
32,0.8345320604579236,6,Processing Speed,18.49595033043968
32,0.8345320604579236,7,Perceptual Reasoning,12.161522266670794
32,0.8345320604579236,8,Verbal Reasoning,13.133165306939127
32,0.8345320604579236,9,Working Memory,28.297399394271785
32,0.8345320604579236,10,Perceptual Reasoning,12.353502063967317
32,0.8345320604579236,11,Verbal Reasoning,20.72731510135091
32,0.8345320604579236,12,Processing Speed,18.2542029477426
33,-0.6927239746033,1,Verbal Reasoning,-2.132785202165173
33,-0.6927239746033,2,Perceptual Reasoning,2.2788337925833693
33,-0.6927239746033,3,Processing Speed,-1.9387078778238953
33,-0.6927239746033,4,Processing Speed,-0.4424341190900245
33,-0.6927239746033,5,Working Memory,13.54543239378663
33,-0.6927239746033,6,Verbal Reasoning,3.2637127803943566
33,-0.6927239746033,7,Working Memory,12.561754309204025
33,-0.6927239746033,8,Working Memory,13.32535792943747
33,-0.6927239746033,9,Verbal Reasoning,4.514975725423225
33,-0.6927239746033,10,Perceptual Reasoning,4.1716087036563625
33,-0.6927239746033,11,Perceptual Reasoning,2.970903726538742
33,-0.6927239746033,12,Processing Speed,-0.2604038084988086
34,-1.5717877291565359,1,Processing Speed,-8.078423852236854
34,-1.5717877291565359,2,Perceptual Reasoning,-13.583280119413343
34,-1.5717877291565359,3,Verbal Reasoning,-5.4986622550669395
34,-1.5717877291565359,4,Verbal Reasoning,-4.6202508621855944
34,-1.5717877291565359,5,Perceptual Reasoning,-12.219464015017587
34,-1.5717877291565359,6,Processing Speed,-6.159791251468318
34,-1.5717877291565359,7,Working Memory,-2.0484513070191683
34,-1.5717877291565359,8,Working Memory,-5.965739328060431
34,-1.5717877291565359,9,Verbal Reasoning,-9.0220295102026
34,-1.5717877291565359,10,Working Memory,-11.165177890014174
34,-1.5717877291565359,11,Processing Speed,-14.298826599366292
34,-1.5717877291565359,12,Perceptual Reasoning,-16.018988842872094
35,0.9675073798471728,1,Working Memory,23.729407528761083
35,0.9675073798471728,2,Verbal Reasoning,20.92554300967531
35,0.9675073798471728,3,Perceptual Reasoning,15.368528144576935
35,0.9675073798471728,4,Working Memory,30.972095005811177
35,0.9675073798471728,5,Processing Speed,18.139513382611923
35,0.9675073798471728,6,Processing Speed,20.265446825931548
35,0.9675073798471728,7,Perceptual Reasoning,10.853510762250403
35,0.9675073798471728,8,Perceptual Reasoning,7.642423740710234
35,0.9675073798471728,9,Processing Speed,21.1869391294126
35,0.9675073798471728,10,Verbal Reasoning,17.125571590620662
35,0.9675073798471728,11,Working Memory,27.70915073138138
35,0.9675073798471728,12,Verbal Reasoning,15.447590884302475
36,-1.5944751308559832,1,Processing Speed,-6.9757776967476115
36,-1.5944751308559832,2,Processing Speed,-8.217048747583256
36,-1.5944751308559832,3,Perceptual Reasoning,-6.293503748317676
36,-1.5944751308559832,4,Perceptual Reasoning,-5.598178998327153
36,-1.5944751308559832,5,Working Memory,2.1414726785072644
36,-1.5944751308559832,6,Processing Speed,-13.741887687671937
36,-1.5944751308559832,7,Working Memory,-6.139593392830556
36,-1.5944751308559832,8,Working Memory,-9.748630480778354
36,-1.5944751308559832,9,Perceptual Reasoning,-9.377309201157168
36,-1.5944751308559832,10,Verbal Reasoning,-3.072578633431208
36,-1.5944751308559832,11,Verbal Reasoning,-6.513503815444823
36,-1.5944751308559832,12,Verbal Reasoning,-11.384852957138705
37,0.20245225694632754,1,Working Memory,12.538784409958295
37,0.20245225694632754,2,Verbal Reasoning,10.365005893078749
37,0.20245225694632754,3,Working Memory,15.474556438918821
37,0.20245225694632754,4,Perceptual Reasoning,6.2382447194807025
37,0.20245225694632754,5,Processing Speed,12.529959137165244
37,0.20245225694632754,6,Verbal Reasoning,12.515733118503421
37,0.20245225694632754,7,Perceptual Reasoning,12.614808003261087
37,0.20245225694632754,8,Processing Speed,11.238501774136706
37,0.20245225694632754,9,Perceptual Reasoning,7.860164698912004
37,0.20245225694632754,10,Working Memory,21.030571516001068
37,0.20245225694632754,11,Processing Speed,12.69869279721039
37,0.20245225694632754,12,Verbal Reasoning,11.220739473379938
38,-0.41173803422835853,1,Processing Speed,-0.9552770140149955
38,-0.41173803422835853,2,Perceptual Reasoning,2.0101493486311885
38,-0.41173803422835853,3,Verbal Reasoning,-1.5525917250451062
38,-0.41173803422835853,4,Working Memory,1.7273099719167737
38,-0.41173803422835853,5,Perceptual Reasoning,1.2615347452825016
38,-0.41173803422835853,6,Processing Speed,-5.236710957670482
38,-0.41173803422835853,7,Perceptual Reasoning,-5.156022978231735
38,-0.41173803422835853,8,Working Memory,-1.9610001831670627
38,-0.41173803422835853,9,Verbal Reasoning,-2.0664619594661766
38,-0.41173803422835853,10,Verbal Reasoning,-0.14129108826404035
38,-0.41173803422835853,11,Working Memory,0.4884283909208027
38,-0.41173803422835853,12,Processing Speed,0.2741846837573103
39,0.7507981316956059,1,Processing Speed,11.15113447963832
39,0.7507981316956059,2,Verbal Reasoning,13.219381930195663
39,0.7507981316956059,3,Perceptual Reasoning,8.486420760323517
39,0.7507981316956059,4,Perceptual Reasoning,10.261862347282861
39,0.7507981316956059,5,Verbal Reasoning,9.834911034203559
39,0.7507981316956059,6,Working Memory,24.13529038002138
39,0.7507981316956059,7,Verbal Reasoning,18.470855631036912
39,0.7507981316956059,8,Processing Speed,24.043239215924768
39,0.7507981316956059,9,Working Memory,24.132330810475455
39,0.7507981316956059,10,Perceptual Reasoning,11.885182048075215
39,0.7507981316956059,11,Processing Speed,19.72682733252564
39,0.7507981316956059,12,Working Memory,18.469965782024154
40,2.2561071708560054,1,Working Memory,26.72824191001867
40,2.2561071708560054,2,Processing Speed,16.3344983490845
40,2.2561071708560054,3,Processing Speed,12.802409434037035
40,2.2561071708560054,4,Working Memory,29.098302234287026
40,2.2561071708560054,5,Perceptual Reasoning,10.289726815408853
40,2.2561071708560054,6,Verbal Reasoning,19.62430841072566
40,2.2561071708560054,7,Verbal Reasoning,22.574457475131126
40,2.2561071708560054,8,Verbal Reasoning,24.089117487960284
40,2.2561071708560054,9,Perceptual Reasoning,18.130617856510327
40,2.2561071708560054,10,Processing Speed,19.786446048953287
40,2.2561071708560054,11,Perceptual Reasoning,13.230117007627925
40,2.2561071708560054,12,Working Memory,27.11132486244638
41,-0.6618698922282332,1,Verbal Reasoning,14.069560093725489
41,-0.6618698922282332,2,Perceptual Reasoning,12.45192167260411
41,-0.6618698922282332,3,Working Memory,19.094529495687407
41,-0.6618698922282332,4,Processing Speed,18.799862067131503
41,-0.6618698922282332,5,Processing Speed,18.26640895992608
41,-0.6618698922282332,6,Working Memory,19.304887853608005
41,-0.6618698922282332,7,Verbal Reasoning,15.397163615787445
41,-0.6618698922282332,8,Processing Speed,14.547057857620313
41,-0.6618698922282332,9,Perceptual Reasoning,13.79535245393692
41,-0.6618698922282332,10,Perceptual Reasoning,14.541023450658116
41,-0.6618698922282332,11,Working Memory,22.10895560796339
41,-0.6618698922282332,12,Verbal Reasoning,13.44736895191642
42,-0.12411433246951913,1,Verbal Reasoning,10.335589215882713
42,-0.12411433246951913,2,Perceptual Reasoning,6.200468238104105
42,-0.12411433246951913,3,Processing Speed,7.162695958973747
42,-0.12411433246951913,4,Working Memory,14.614613281093153
42,-0.12411433246951913,5,Working Memory,14.151982339094204
42,-0.12411433246951913,6,Perceptual Reasoning,8.958666779127306
42,-0.12411433246951913,7,Processing Speed,10.625303459622067
42,-0.12411433246951913,8,Perceptual Reasoning,4.590442130164521
42,-0.12411433246951913,9,Verbal Reasoning,15.304043118060108
42,-0.12411433246951913,10,Processing Speed,7.037970331362092
42,-0.12411433246951913,11,Verbal Reasoning,8.425068459057059
42,-0.12411433246951913,12,Working Memory,13.723752234578711
43,0.2693959334615814,1,Perceptual Reasoning,0.5833006704120716
43,0.2693959334615814,2,Working Memory,14.362430745241603
43,0.2693959334615814,3,Processing Speed,8.81491362621929
43,0.2693959334615814,4,Verbal Reasoning,5.762435545112584
43,0.2693959334615814,5,Processing Speed,13.56841374915269
43,0.2693959334615814,6,Perceptual Reasoning,4.518356434690931
43,0.2693959334615814,7,Working Memory,8.413181079795079
43,0.2693959334615814,8,Working Memory,13.292048088203508
43,0.2693959334615814,9,Perceptual Reasoning,3.6697333210089798
43,0.2693959334615814,10,Verbal Reasoning,4.526189853744526
43,0.2693959334615814,11,Verbal Reasoning,6.7720880934419725
43,0.2693959334615814,12,Processing Speed,10.911262269617689
44,-0.8445739562482507,1,Perceptual Reasoning,-0.10518057970457373
44,-0.8445739562482507,2,Processing Speed,6.116711675578296
44,-0.8445739562482507,3,Working Memory,6.378043888531383
44,-0.8445739562482507,4,Verbal Reasoning,-2.0690381564192935
44,-0.8445739562482507,5,Working Memory,13.057091192058826
44,-0.8445739562482507,6,Perceptual Reasoning,-2.7546250796081093
44,-0.8445739562482507,7,Working Memory,12.590781079942433
44,-0.8445739562482507,8,Perceptual Reasoning,1.1774701338400886
44,-0.8445739562482507,9,Processing Speed,12.179107404172392
44,-0.8445739562482507,10,Verbal Reasoning,0.6259053791625693
44,-0.8445739562482507,11,Verbal Reasoning,-1.4240151426291119
44,-0.8445739562482507,12,Processing Speed,2.7885931309252046
45,-0.4137223433481695,1,Working Memory,11.322878364177463
45,-0.4137223433481695,2,Processing Speed,4.722138487844678
45,-0.4137223433481695,3,Processing Speed,9.971151259446337
45,-0.4137223433481695,4,Processing Speed,10.471172900593515
45,-0.4137223433481695,5,Working Memory,13.460626005061442
45,-0.4137223433481695,6,Verbal Reasoning,10.088229381127263
45,-0.4137223433481695,7,Verbal Reasoning,8.837364930303917
45,-0.4137223433481695,8,Working Memory,12.513492378128731
45,-0.4137223433481695,9,Perceptual Reasoning,11.620338526862728
45,-0.4137223433481695,10,Verbal Reasoning,14.558032928327584
45,-0.4137223433481695,11,Perceptual Reasoning,12.067647479599712
45,-0.4137223433481695,12,Perceptual Reasoning,5.971402998498057
46,-1.2861316467726414,1,Perceptual Reasoning,5.479803503733702
46,-1.2861316467726414,2,Working Memory,5.499927804154861
46,-1.2861316467726414,3,Processing Speed,1.574940425093648
46,-1.2861316467726414,4,Verbal Reasoning,5.043457723542084
46,-1.2861316467726414,5,Processing Speed,-0.8739371059395751
46,-1.2861316467726414,6,Working Memory,3.5589557247776846
46,-1.2861316467726414,7,Verbal Reasoning,3.926113553818523
46,-1.2861316467726414,8,Working Memory,0.8892025861737214
46,-1.2861316467726414,9,Perceptual Reasoning,1.2450053624401805
46,-1.2861316467726414,10,Perceptual Reasoning,2.191019753935903
46,-1.2861316467726414,11,Verbal Reasoning,8.24285696677173
46,-1.2861316467726414,12,Processing Speed,-0.40755419230592393
47,-1.6712278878687343,1,Verbal Reasoning,5.172636330673628
47,-1.6712278878687343,2,Working Memory,7.515168457836044
47,-1.6712278878687343,3,Verbal Reasoning,6.107638006628656
47,-1.6712278878687343,4,Perceptual Reasoning,0.5972336028056523
47,-1.6712278878687343,5,Perceptual Reasoning,-2.2420722565108644
47,-1.6712278878687343,6,Perceptual Reasoning,-0.7177877143207635
47,-1.6712278878687343,7,Working Memory,10.612737215700882
47,-1.6712278878687343,8,Processing Speed,10.108530638640712
47,-1.6712278878687343,9,Processing Speed,12.388918071210032
47,-1.6712278878687343,10,Processing Speed,7.135682209357869
47,-1.6712278878687343,11,Verbal Reasoning,10.920867340236478
47,-1.6712278878687343,12,Working Memory,11.288020797616856
48,-0.9403772473185249,1,Processing Speed,3.9236919868133935
48,-0.9403772473185249,2,Perceptual Reasoning,-1.1295620272807083
48,-0.9403772473185249,3,Perceptual Reasoning,-3.697781605204899
48,-0.9403772473185249,4,Verbal Reasoning,5.376668836937969
48,-0.9403772473185249,5,Working Memory,4.235844805059703
48,-0.9403772473185249,6,Verbal Reasoning,2.229625499259972
48,-0.9403772473185249,7,Working Memory,1.9089534559902726
48,-0.9403772473185249,8,Processing Speed,-0.2802662587258431
48,-0.9403772473185249,9,Processing Speed,2.2593493555356363
48,-0.9403772473185249,10,Verbal Reasoning,8.483027794959629
48,-0.9403772473185249,11,Perceptual Reasoning,3.694843320345776
48,-0.9403772473185249,12,Working Memory,8.7255655282329
49,0.2232326616405957,1,Working Memory,20.46762524596111
49,0.2232326616405957,2,Working Memory,20.40879214733726
49,0.2232326616405957,3,Processing Speed,7.759374703184789
49,0.2232326616405957,4,Verbal Reasoning,6.307290178905062
49,0.2232326616405957,5,Processing Speed,8.071640735862763
49,0.2232326616405957,6,Verbal Reasoning,7.7063498316488985
49,0.2232326616405957,7,Perceptual Reasoning,-0.1038571151557679
49,0.2232326616405957,8,Working Memory,20.359370411963347
49,0.2232326616405957,9,Processing Speed,13.935166678257008
49,0.2232326616405957,10,Verbal Reasoning,7.2926455065116915
49,0.2232326616405957,11,Perceptual Reasoning,-2.1856196140813235
49,0.2232326616405957,12,Perceptual Reasoning,-4.11368069442154
50,-0.013665837979296604,1,Processing Speed,19.482746480256232
50,-0.013665837979296604,2,Verbal Reasoning,19.298669598116053
50,-0.013665837979296604,3,Processing Speed,17.481408079324886
50,-0.013665837979296604,4,Perceptual Reasoning,14.51190148054299
50,-0.013665837979296604,5,Verbal Reasoning,15.485816886891303
50,-0.013665837979296604,6,Processing Speed,11.597565488008861
50,-0.013665837979296604,7,Working Memory,20.259531379902146
50,-0.013665837979296604,8,Perceptual Reasoning,8.68742535305411
50,-0.013665837979296604,9,Perceptual Reasoning,7.875990230990256
50,-0.013665837979296604,10,Working Memory,22.10877565144783
50,-0.013665837979296604,11,Working Memory,20.7401826129091
50,-0.013665837979296604,12,Verbal Reasoning,18.376072579407673
51,-0.9578781052517452,1,Perceptual Reasoning,-5.482030938174551
51,-0.9578781052517452,2,Processing Speed,-7.135115753757761
51,-0.9578781052517452,3,Processing Speed,-4.7636058633379434
51,-0.9578781052517452,4,Perceptual Reasoning,-7.712384394906884
51,-0.9578781052517452,5,Working Memory,-0.20961610045169587
51,-0.9578781052517452,6,Verbal Reasoning,-10.238581706867887
51,-0.9578781052517452,7,Processing Speed,-6.233961560494137
51,-0.9578781052517452,8,Verbal Reasoning,-0.7545274338911838
51,-0.9578781052517452,9,Perceptual Reasoning,-11.827625576886764
51,-0.9578781052517452,10,Verbal Reasoning,-2.7575378106094828
51,-0.9578781052517452,11,Working Memory,-0.5860989506301193
51,-0.9578781052517452,12,Working Memory,0.514154592830363
52,-0.46685208758237134,1,Verbal Reasoning,8.321846253370854
52,-0.46685208758237134,2,Processing Speed,-1.4085922484852973
52,-0.46685208758237134,3,Perceptual Reasoning,7.565737682459061
52,-0.46685208758237134,4,Processing Speed,6.239710782986132
52,-0.46685208758237134,5,Working Memory,9.200704752226933
52,-0.46685208758237134,6,Perceptual Reasoning,5.232739949824831
52,-0.46685208758237134,7,Verbal Reasoning,8.995254286525244
52,-0.46685208758237134,8,Perceptual Reasoning,1.6670620552831812
52,-0.46685208758237134,9,Verbal Reasoning,5.515498427031141
52,-0.46685208758237134,10,Processing Speed,-0.13021789834340458
52,-0.46685208758237134,11,Working Memory,4.3436227348725405
52,-0.46685208758237134,12,Working Memory,5.792426184356778
53,-0.4958685706446739,1,Working Memory,11.692151708890794
53,-0.4958685706446739,2,Perceptual Reasoning,7.224414434706316
53,-0.4958685706446739,3,Working Memory,15.963235323163502
53,-0.4958685706446739,4,Perceptual Reasoning,0.9357080578594399
53,-0.4958685706446739,5,Processing Speed,16.784224512108395
53,-0.4958685706446739,6,Working Memory,15.996634943613566
53,-0.4958685706446739,7,Verbal Reasoning,8.994031026279963
53,-0.4958685706446739,8,Verbal Reasoning,9.78192944089141
53,-0.4958685706446739,9,Perceptual Reasoning,7.325258614550599
53,-0.4958685706446739,10,Processing Speed,15.543173761021043
53,-0.4958685706446739,11,Verbal Reasoning,9.762819772912124
53,-0.4958685706446739,12,Processing Speed,17.034023973786706
54,-0.660371433555135,1,Processing Speed,23.370825680588062
54,-0.660371433555135,2,Working Memory,23.4914265486912
54,-0.660371433555135,3,Verbal Reasoning,18.651709059686233
54,-0.660371433555135,4,Verbal Reasoning,19.56898155557441
54,-0.660371433555135,5,Processing Speed,22.8928288373626
54,-0.660371433555135,6,Perceptual Reasoning,13.704872691603363
54,-0.660371433555135,7,Perceptual Reasoning,12.94983181556023
54,-0.660371433555135,8,Verbal Reasoning,19.162216469376613
54,-0.660371433555135,9,Working Memory,26.292859271171327
54,-0.660371433555135,10,Working Memory,23.25394200943531
54,-0.660371433555135,11,Processing Speed,25.267520961118393
54,-0.660371433555135,12,Perceptual Reasoning,21.2510323539119
55,-1.0435211454406599,1,Processing Speed,6.939665949631388
55,-1.0435211454406599,2,Perceptual Reasoning,9.00553037283491
55,-1.0435211454406599,3,Working Memory,2.2271606675159346
55,-1.0435211454406599,4,Verbal Reasoning,1.1908295419405768
55,-1.0435211454406599,5,Working Memory,2.5554408249046983
55,-1.0435211454406599,6,Processing Speed,2.7752877752806495
55,-1.0435211454406599,7,Perceptual Reasoning,6.691700038956073
55,-1.0435211454406599,8,Processing Speed,1.6569167300279157
55,-1.0435211454406599,9,Verbal Reasoning,2.7887784723581537
55,-1.0435211454406599,10,Verbal Reasoning,1.6643483129092127
55,-1.0435211454406599,11,Perceptual Reasoning,8.51236689029784
55,-1.0435211454406599,12,Working Memory,9.134806673353607
56,0.3215199714551792,1,Perceptual Reasoning,-9.776429371538399
56,0.3215199714551792,2,Verbal Reasoning,1.04143037263921
56,0.3215199714551792,3,Perceptual Reasoning,-5.779946697507765
56,0.3215199714551792,4,Processing Speed,1.1053926218378158
56,0.3215199714551792,5,Verbal Reasoning,-1.6041779027833305
56,0.3215199714551792,6,Verbal Reasoning,-3.738092754134357
56,0.3215199714551792,7,Processing Speed,2.0698290217479367
56,0.3215199714551792,8,Processing Speed,5.953514238574407
56,0.3215199714551792,9,Working Memory,3.8854480095761152
56,0.3215199714551792,10,Working Memory,4.243417321113293
56,0.3215199714551792,11,Perceptual Reasoning,-9.730667247187549
56,0.3215199714551792,12,Working Memory,-2.8055461131826904
57,0.5451468772030883,1,Working Memory,27.559675829592823
57,0.5451468772030883,2,Perceptual Reasoning,18.828472616159793
57,0.5451468772030883,3,Working Memory,31.0528004341921
57,0.5451468772030883,4,Processing Speed,21.403508496607934
57,0.5451468772030883,5,Verbal Reasoning,16.183776628909722
57,0.5451468772030883,6,Perceptual Reasoning,21.421580824131972
57,0.5451468772030883,7,Verbal Reasoning,16.96828601047402
57,0.5451468772030883,8,Perceptual Reasoning,14.668757681320784
57,0.5451468772030883,9,Processing Speed,18.473843658078636
57,0.5451468772030883,10,Processing Speed,19.61152546068514
57,0.5451468772030883,11,Verbal Reasoning,22.58749508994778
57,0.5451468772030883,12,Working Memory,31.866193697313363
58,-0.6360976231730242,1,Working Memory,6.323853780277135
58,-0.6360976231730242,2,Processing Speed,4.969371549396326
58,-0.6360976231730242,3,Verbal Reasoning,9.384804909195447
58,-0.6360976231730242,4,Processing Speed,8.995542541528197
58,-0.6360976231730242,5,Perceptual Reasoning,4.320593439300455
58,-0.6360976231730242,6,Perceptual Reasoning,7.80099825270997
58,-0.6360976231730242,7,Processing Speed,7.977391107679914
58,-0.6360976231730242,8,Verbal Reasoning,11.674622110430896
58,-0.6360976231730242,9,Verbal Reasoning,9.856274673321396
58,-0.6360976231730242,10,Working Memory,5.303402359920835
58,-0.6360976231730242,11,Perceptual Reasoning,3.2374081226153466
58,-0.6360976231730242,12,Working Memory,7.6244661025885385
59,1.3763841229721863,1,Perceptual Reasoning,15.053683476401185
59,1.3763841229721863,2,Working Memory,23.93286559209419
59,1.3763841229721863,3,Perceptual Reasoning,15.178353800118376
59,1.3763841229721863,4,Verbal Reasoning,10.510825900599226
59,1.3763841229721863,5,Processing Speed,9.090891786416963
59,1.3763841229721863,6,Verbal Reasoning,8.906416971938405
59,1.3763841229721863,7,Perceptual Reasoning,10.642137903954062
59,1.3763841229721863,8,Working Memory,17.458965420052884
59,1.3763841229721863,9,Working Memory,17.727692247328136
59,1.3763841229721863,10,Processing Speed,11.979631256914812
59,1.3763841229721863,11,Verbal Reasoning,10.393398285218515
59,1.3763841229721863,12,Processing Speed,13.223695550303253
60,1.0125192484569099,1,Working Memory,26.569111757127654
60,1.0125192484569099,2,Perceptual Reasoning,12.789213087359716
60,1.0125192484569099,3,Processing Speed,11.051661852658327
60,1.0125192484569099,4,Perceptual Reasoning,15.720162625291634
60,1.0125192484569099,5,Working Memory,27.18731651187237
60,1.0125192484569099,6,Processing Speed,12.80438951139729
60,1.0125192484569099,7,Processing Speed,12.501361482733932
60,1.0125192484569099,8,Perceptual Reasoning,7.67385484991223
60,1.0125192484569099,9,Working Memory,20.070043415948323
60,1.0125192484569099,10,Verbal Reasoning,11.053928936553753
60,1.0125192484569099,11,Verbal Reasoning,9.59677057284274
60,1.0125192484569099,12,Verbal Reasoning,10.781264236447804
61,-0.5398951399654729,1,Verbal Reasoning,6.676910116185597
61,-0.5398951399654729,2,Processing Speed,12.067269079739622
61,-0.5398951399654729,3,Processing Speed,9.630801969877494
61,-0.5398951399654729,4,Verbal Reasoning,4.072696181808246
61,-0.5398951399654729,5,Working Memory,13.520919900955022
61,-0.5398951399654729,6,Verbal Reasoning,9.369862316423836
61,-0.5398951399654729,7,Processing Speed,18.188991990956108
61,-0.5398951399654729,8,Working Memory,16.98104822317
61,-0.5398951399654729,9,Perceptual Reasoning,3.669864011630784
61,-0.5398951399654729,10,Perceptual Reasoning,3.051117726761313
61,-0.5398951399654729,11,Working Memory,15.360471214253451
61,-0.5398951399654729,12,Perceptual Reasoning,0.43259514496291374
62,-1.0724178837489609,1,Perceptual Reasoning,18.040415620710366
62,-1.0724178837489609,2,Working Memory,18.532421622962875
62,-1.0724178837489609,3,Working Memory,14.93283158983748
62,-1.0724178837489609,4,Processing Speed,9.388353781399513
62,-1.0724178837489609,5,Verbal Reasoning,9.16779479565598
62,-1.0724178837489609,6,Perceptual Reasoning,10.61621452470044
62,-1.0724178837489609,7,Processing Speed,15.047006045941076
62,-1.0724178837489609,8,Verbal Reasoning,12.94994449398191
62,-1.0724178837489609,9,Working Memory,15.992891333201525
62,-1.0724178837489609,10,Processing Speed,11.324695947183145
62,-1.0724178837489609,11,Verbal Reasoning,9.287721316774272
62,-1.0724178837489609,12,Perceptual Reasoning,13.58191353048408
63,0.4289126836173756,1,Verbal Reasoning,11.591915390838095
63,0.4289126836173756,2,Working Memory,6.9286977614789595
63,0.4289126836173756,3,Processing Speed,2.296536608579924
63,0.4289126836173756,4,Processing Speed,7.221179386035572
63,0.4289126836173756,5,Perceptual Reasoning,9.703646060553824
63,0.4289126836173756,6,Working Memory,6.791980698488224
63,0.4289126836173756,7,Processing Speed,8.70788874686925
63,0.4289126836173756,8,Perceptual Reasoning,10.229559965532887
63,0.4289126836173756,9,Working Memory,19.392342510014366
63,0.4289126836173756,10,Perceptual Reasoning,17.454380699018323
63,0.4289126836173756,11,Verbal Reasoning,21.586181360889288
63,0.4289126836173756,12,Verbal Reasoning,23.83723913045911
64,-0.4824578983736618,1,Perceptual Reasoning,-6.382502334680348
64,-0.4824578983736618,2,Working Memory,-5.135777104023755
64,-0.4824578983736618,3,Working Memory,-2.531878901982136
64,-0.4824578983736618,4,Verbal Reasoning,0.07913353847253779
64,-0.4824578983736618,5,Working Memory,1.33810029348657
64,-0.4824578983736618,6,Verbal Reasoning,1.8229918162256264
64,-0.4824578983736618,7,Processing Speed,-6.050631117281131
64,-0.4824578983736618,8,Perceptual Reasoning,-0.2075075828570987
64,-0.4824578983736618,9,Verbal Reasoning,0.9669285526628699
64,-0.4824578983736618,10,Processing Speed,1.1119440165277528
64,-0.4824578983736618,11,Processing Speed,-0.2875133657028053
64,-0.4824578983736618,12,Perceptual Reasoning,-1.2422231559628614
65,-0.09064657123820292,1,Processing Speed,11.042718998217891
65,-0.09064657123820292,2,Processing Speed,10.913472268285826
65,-0.09064657123820292,3,Working Memory,14.9889647761765
65,-0.09064657123820292,4,Working Memory,13.540017163331989
65,-0.09064657123820292,5,Perceptual Reasoning,9.962307887835761
65,-0.09064657123820292,6,Verbal Reasoning,13.457841476224898
65,-0.09064657123820292,7,Verbal Reasoning,17.40640365580387
65,-0.09064657123820292,8,Verbal Reasoning,13.766610524795208
65,-0.09064657123820292,9,Processing Speed,15.853846197803763
65,-0.09064657123820292,10,Working Memory,16.161093325513775
65,-0.09064657123820292,11,Perceptual Reasoning,5.976690870516716
65,-0.09064657123820292,12,Perceptual Reasoning,8.078313746431016
66,0.7918475503723332,1,Verbal Reasoning,21.48908450770569
66,0.7918475503723332,2,Perceptual Reasoning,23.966017147874574
66,0.7918475503723332,3,Perceptual Reasoning,22.09115057099066
66,0.7918475503723332,4,Perceptual Reasoning,25.38113425250558
66,0.7918475503723332,5,Processing Speed,27.77564735411371
66,0.7918475503723332,6,Working Memory,34.14144169545176
66,0.7918475503723332,7,Working Memory,31.673752064016874
66,0.7918475503723332,8,Working Memory,25.188678165461717
66,0.7918475503723332,9,Verbal Reasoning,20.36406428271147
66,0.7918475503723332,10,Processing Speed,23.375531049578186
66,0.7918475503723332,11,Processing Speed,23.81782186459332
66,0.7918475503723332,12,Verbal Reasoning,23.134202759805667
67,0.06875465348291585,1,Working Memory,25.296474074470066
67,0.06875465348291585,2,Processing Speed,19.20632570965294
67,0.06875465348291585,3,Working Memory,21.99835586840352
67,0.06875465348291585,4,Verbal Reasoning,15.012953019588224
67,0.06875465348291585,5,Perceptual Reasoning,18.275310655518886
67,0.06875465348291585,6,Verbal Reasoning,15.096249901449282
67,0.06875465348291585,7,Perceptual Reasoning,15.621651693630685
67,0.06875465348291585,8,Processing Speed,17.427857257656314
67,0.06875465348291585,9,Verbal Reasoning,14.15026745277007
67,0.06875465348291585,10,Processing Speed,13.788095499119898
67,0.06875465348291585,11,Working Memory,17.18090595440693
67,0.06875465348291585,12,Perceptual Reasoning,16.82717526495022
68,-0.6139664444880689,1,Processing Speed,0.28882938110721046
68,-0.6139664444880689,2,Processing Speed,0.3556525407556661
68,-0.6139664444880689,3,Perceptual Reasoning,0.959367403756989
68,-0.6139664444880689,4,Verbal Reasoning,1.0626657384125506
68,-0.6139664444880689,5,Working Memory,7.600973398226258
68,-0.6139664444880689,6,Processing Speed,2.44024389198576
68,-0.6139664444880689,7,Perceptual Reasoning,0.2594257408398981
68,-0.6139664444880689,8,Verbal Reasoning,2.1098645570367074
68,-0.6139664444880689,9,Perceptual Reasoning,1.083697650132386
68,-0.6139664444880689,10,Working Memory,10.160450643317445
68,-0.6139664444880689,11,Working Memory,8.29296124597798
68,-0.6139664444880689,12,Verbal Reasoning,3.974950325380115
69,-0.7141812390347695,1,Working Memory,19.480425631243993
69,-0.7141812390347695,2,Verbal Reasoning,16.06890967263141
69,-0.7141812390347695,3,Perceptual Reasoning,12.406983066042926
69,-0.7141812390347695,4,Working Memory,19.195608401746718
69,-0.7141812390347695,5,Processing Speed,13.058036132403426
69,-0.7141812390347695,6,Verbal Reasoning,12.808053241505913
69,-0.7141812390347695,7,Verbal Reasoning,14.412003575356632
69,-0.7141812390347695,8,Working Memory,17.731723697295262
69,-0.7141812390347695,9,Processing Speed,9.21416057842998
69,-0.7141812390347695,10,Processing Speed,15.49969415116018
69,-0.7141812390347695,11,Perceptual Reasoning,4.09904733633822
69,-0.7141812390347695,12,Perceptual Reasoning,9.235280795433495
70,0.3242495133154772,1,Verbal Reasoning,7.1409933873153
70,0.3242495133154772,2,Processing Speed,1.5813168225002339
70,0.3242495133154772,3,Processing Speed,-2.3854999003866215
70,0.3242495133154772,4,Perceptual Reasoning,-1.943818882849416
70,0.3242495133154772,5,Perceptual Reasoning,-2.87015503429369
70,0.3242495133154772,6,Verbal Reasoning,3.9440162795174114
70,0.3242495133154772,7,Working Memory,6.82513873113913
70,0.3242495133154772,8,Working Memory,7.362811128104707
70,0.3242495133154772,9,Processing Speed,0.014971058890690614
70,0.3242495133154772,10,Perceptual Reasoning,2.813650431757882
70,0.3242495133154772,11,Verbal Reasoning,9.471550157466794
70,0.3242495133154772,12,Working Memory,8.61166324645969
71,0.3432823500579346,1,Working Memory,26.24436525954734
71,0.3432823500579346,2,Perceptual Reasoning,15.014183223798264
71,0.3432823500579346,3,Processing Speed,29.744507931132812
71,0.3432823500579346,4,Verbal Reasoning,21.859941213988034
71,0.3432823500579346,5,Perceptual Reasoning,14.846864297743142
71,0.3432823500579346,6,Verbal Reasoning,25.06637500259194
71,0.3432823500579346,7,Working Memory,29.62905284838834
71,0.3432823500579346,8,Working Memory,28.469715076113104
71,0.3432823500579346,9,Verbal Reasoning,19.339992352574082
71,0.3432823500579346,10,Perceptual Reasoning,19.116806001846744
71,0.3432823500579346,11,Processing Speed,26.141693821544333
71,0.3432823500579346,12,Processing Speed,30.877896877126517
72,-0.4396194081176336,1,Perceptual Reasoning,13.287316035858204
72,-0.4396194081176336,2,Processing Speed,16.163402631606345
72,-0.4396194081176336,3,Processing Speed,16.052437271911803
72,-0.4396194081176336,4,Processing Speed,10.965972733212785
72,-0.4396194081176336,5,Perceptual Reasoning,10.57127545575409
72,-0.4396194081176336,6,Verbal Reasoning,10.097681856833635
72,-0.4396194081176336,7,Working Memory,13.94861946759305
72,-0.4396194081176336,8,Working Memory,11.547309376079877
72,-0.4396194081176336,9,Perceptual Reasoning,6.468029931020746
72,-0.4396194081176336,10,Verbal Reasoning,12.387120736110308
72,-0.4396194081176336,11,Verbal Reasoning,12.218105761408793
72,-0.4396194081176336,12,Working Memory,14.986072584931604
73,0.34509672040133205,1,Processing Speed,8.670266394724322
73,0.34509672040133205,2,Perceptual Reasoning,8.431740946627865
73,0.34509672040133205,3,Perceptual Reasoning,7.9908778043430235
73,0.34509672040133205,4,Working Memory,13.253631451950294
73,0.34509672040133205,5,Verbal Reasoning,8.544360011466802
73,0.34509672040133205,6,Verbal Reasoning,8.58251743722064
73,0.34509672040133205,7,Verbal Reasoning,8.110391859103377
73,0.34509672040133205,8,Processing Speed,9.28167977719745
73,0.34509672040133205,9,Processing Speed,7.324262198158539
73,0.34509672040133205,10,Working Memory,14.500423946461709
73,0.34509672040133205,11,Perceptual Reasoning,5.03872667068231
73,0.34509672040133205,12,Working Memory,12.871405664111295
74,-0.9197597383715175,1,Verbal Reasoning,17.381827452603872
74,-0.9197597383715175,2,Working Memory,17.334131624866817
74,-0.9197597383715175,3,Perceptual Reasoning,4.785356258698442
74,-0.9197597383715175,4,Processing Speed,17.021399872041655
74,-0.9197597383715175,5,Processing Speed,11.597610682857894
74,-0.9197597383715175,6,Perceptual Reasoning,3.610065746776975
74,-0.9197597383715175,7,Verbal Reasoning,16.05612623776225
74,-0.9197597383715175,8,Working Memory,15.863429361793104
74,-0.9197597383715175,9,Working Memory,18.03357655565065
74,-0.9197597383715175,10,Perceptual Reasoning,4.6144895152254914
74,-0.9197597383715175,11,Processing Speed,15.291225109923515
74,-0.9197597383715175,12,Verbal Reasoning,17.216138732841184
75,1.7831108166549117,1,Working Memory,19.989514371277426
75,1.7831108166549117,2,Verbal Reasoning,14.572152697293625
75,1.7831108166549117,3,Processing Speed,18.32185589385265
75,1.7831108166549117,4,Perceptual Reasoning,11.93287593777393
75,1.7831108166549117,5,Processing Speed,16.075287078477672
75,1.7831108166549117,6,Verbal Reasoning,15.682360775382394
75,1.7831108166549117,7,Working Memory,20.190923014974587
75,1.7831108166549117,8,Working Memory,17.217807993643696
75,1.7831108166549117,9,Perceptual Reasoning,10.501539161784507
75,1.7831108166549117,10,Processing Speed,13.741402292753147
75,1.7831108166549117,11,Verbal Reasoning,12.634436130460081
75,1.7831108166549117,12,Perceptual Reasoning,17.32016730218621
76,-1.4217118963913564,1,Verbal Reasoning,2.284330821059467
76,-1.4217118963913564,2,Verbal Reasoning,6.696416792132023
76,-1.4217118963913564,3,Perceptual Reasoning,-3.120755718974233
76,-1.4217118963913564,4,Verbal Reasoning,-2.7741973381414295
76,-1.4217118963913564,5,Perceptual Reasoning,-3.47915320717924
76,-1.4217118963913564,6,Perceptual Reasoning,-6.968199216512331
76,-1.4217118963913564,7,Processing Speed,-0.8728590698741308
76,-1.4217118963913564,8,Processing Speed,-1.5468878055247748
76,-1.4217118963913564,9,Working Memory,0.5980549326805238
76,-1.4217118963913564,10,Working Memory,5.020357725606779
76,-1.4217118963913564,11,Working Memory,2.821578543471091
76,-1.4217118963913564,12,Processing Speed,-2.3792857179250135
77,1.6421833619799786,1,Working Memory,22.53667038880637
77,1.6421833619799786,2,Processing Speed,10.897421135294083
77,1.6421833619799786,3,Perceptual Reasoning,15.639714422746614
77,1.6421833619799786,4,Verbal Reasoning,19.11252861250492
77,1.6421833619799786,5,Perceptual Reasoning,10.235221001152855
77,1.6421833619799786,6,Perceptual Reasoning,9.161155577373561
77,1.6421833619799786,7,Verbal Reasoning,15.588666425019795
77,1.6421833619799786,8,Working Memory,20.746329358311648
77,1.6421833619799786,9,Processing Speed,9.775438453226553
77,1.6421833619799786,10,Working Memory,22.330233519662304
77,1.6421833619799786,11,Verbal Reasoning,17.952434615713774
77,1.6421833619799786,12,Processing Speed,12.65468554578755
78,0.12423688818054479,1,Processing Speed,12.68243852306687
78,0.12423688818054479,2,Perceptual Reasoning,4.618540150874925
78,0.12423688818054479,3,Perceptual Reasoning,4.383683146801577
78,0.12423688818054479,4,Processing Speed,12.904225781720777
78,0.12423688818054479,5,Verbal Reasoning,8.567037085668048
78,0.12423688818054479,6,Processing Speed,12.699109153211666
78,0.12423688818054479,7,Verbal Reasoning,12.614995874494706
78,0.12423688818054479,8,Working Memory,18.66267246595991
78,0.12423688818054479,9,Working Memory,15.971238010726127
78,0.12423688818054479,10,Working Memory,19.18090567856623
78,0.12423688818054479,11,Perceptual Reasoning,10.819055614548333
78,0.12423688818054479,12,Verbal Reasoning,13.398339277304428
79,0.0011233130011488366,1,Perceptual Reasoning,9.084218379347403
79,0.0011233130011488366,2,Perceptual Reasoning,12.376898150675157
79,0.0011233130011488366,3,Verbal Reasoning,15.456408883130369
79,0.0011233130011488366,4,Working Memory,23.34724364537062
79,0.0011233130011488366,5,Processing Speed,11.105645919928183
79,0.0011233130011488366,6,Working Memory,22.554051329381622
79,0.0011233130011488366,7,Verbal Reasoning,10.005183536486363
79,0.0011233130011488366,8,Processing Speed,15.814938356316429
79,0.0011233130011488366,9,Processing Speed,10.404304956068485
79,0.0011233130011488366,10,Working Memory,19.876548023583275
79,0.0011233130011488366,11,Perceptual Reasoning,16.950662346901726
79,0.0011233130011488366,12,Verbal Reasoning,13.764269767983569
80,-1.3289759226980558,1,Working Memory,0.836294919649132
80,-1.3289759226980558,2,Processing Speed,10.240173222456171
80,-1.3289759226980558,3,Verbal Reasoning,2.438636150470509
80,-1.3289759226980558,4,Verbal Reasoning,0.721298328768694
80,-1.3289759226980558,5,Perceptual Reasoning,-6.4447832112720125
80,-1.3289759226980558,6,Processing Speed,3.127629122175195
80,-1.3289759226980558,7,Working Memory,-0.9057661239404071
80,-1.3289759226980558,8,Perceptual Reasoning,-2.4221959815179006
80,-1.3289759226980558,9,Perceptual Reasoning,-6.274743098064832
80,-1.3289759226980558,10,Verbal Reasoning,1.0101225148691197
80,-1.3289759226980558,11,Processing Speed,4.926157715718139
80,-1.3289759226980558,12,Working Memory,6.20033713973846
81,0.7797266154501892,1,Perceptual Reasoning,10.256078367141043
81,0.7797266154501892,2,Working Memory,26.142994662016378
81,0.7797266154501892,3,Verbal Reasoning,12.437657156461992
81,0.7797266154501892,4,Verbal Reasoning,10.132061037210303
81,0.7797266154501892,5,Verbal Reasoning,9.327226814820936
81,0.7797266154501892,6,Perceptual Reasoning,10.224482801425765
81,0.7797266154501892,7,Processing Speed,8.632141384866516
81,0.7797266154501892,8,Working Memory,24.75624904535774
81,0.7797266154501892,9,Perceptual Reasoning,8.016632227518373
81,0.7797266154501892,10,Processing Speed,9.101805417899142
81,0.7797266154501892,11,Processing Speed,6.261374522006861
81,0.7797266154501892,12,Working Memory,23.249179564049218
82,1.2904474855240482,1,Perceptual Reasoning,24.381241038506563
82,1.2904474855240482,2,Working Memory,23.259559808729136
82,1.2904474855240482,3,Processing Speed,25.53952105858805
82,1.2904474855240482,4,Working Memory,25.97241685972044
82,1.2904474855240482,5,Verbal Reasoning,19.270812113743027
82,1.2904474855240482,6,Perceptual Reasoning,20.795546834199666
82,1.2904474855240482,7,Working Memory,21.984879560127588
82,1.2904474855240482,8,Processing Speed,17.890888113228698
82,1.2904474855240482,9,Verbal Reasoning,20.953938681159887
82,1.2904474855240482,10,Perceptual Reasoning,22.467589963959075
82,1.2904474855240482,11,Processing Speed,17.169857055571963
82,1.2904474855240482,12,Verbal Reasoning,19.38859865957017
83,-1.0205677804067554,1,Verbal Reasoning,4.266603487020913
83,-1.0205677804067554,2,Perceptual Reasoning,0.9688092809049635
83,-1.0205677804067554,3,Working Memory,4.613785343266253
83,-1.0205677804067554,4,Processing Speed,-2.7006653051082825
83,-1.0205677804067554,5,Perceptual Reasoning,-0.009819364714273249
83,-1.0205677804067554,6,Working Memory,8.801752725713653
83,-1.0205677804067554,7,Processing Speed,1.848135469864855
83,-1.0205677804067554,8,Perceptual Reasoning,10.789650753111808
83,-1.0205677804067554,9,Working Memory,15.955712167084249
83,-1.0205677804067554,10,Processing Speed,1.503991437630619
83,-1.0205677804067554,11,Verbal Reasoning,0.06494157048758087
83,-1.0205677804067554,12,Verbal Reasoning,-0.6151118269211482
84,0.7047045402125969,1,Working Memory,24.58920317042984
84,0.7047045402125969,2,Perceptual Reasoning,19.373894181664486
84,0.7047045402125969,3,Verbal Reasoning,13.802246447376076
84,0.7047045402125969,4,Working Memory,24.277708214511666
84,0.7047045402125969,5,Verbal Reasoning,13.256561395621512
84,0.7047045402125969,6,Processing Speed,14.624817329658718
84,0.7047045402125969,7,Perceptual Reasoning,14.02178869899306
84,0.7047045402125969,8,Verbal Reasoning,15.738767373438561
84,0.7047045402125969,9,Processing Speed,17.271165624348452
84,0.7047045402125969,10,Working Memory,21.509389558986182
84,0.7047045402125969,11,Processing Speed,14.089182416882272
84,0.7047045402125969,12,Perceptual Reasoning,14.625762855657442
85,1.3287519332959492,1,Perceptual Reasoning,17.77293791040404
85,1.3287519332959492,2,Working Memory,23.52058585457707
85,1.3287519332959492,3,Perceptual Reasoning,14.915333356755498
85,1.3287519332959492,4,Processing Speed,23.28682119251909
85,1.3287519332959492,5,Working Memory,28.374481733113683
85,1.3287519332959492,6,Processing Speed,27.34002068188006
85,1.3287519332959492,7,Verbal Reasoning,17.762225905983982
85,1.3287519332959492,8,Verbal Reasoning,20.262865827715316
85,1.3287519332959492,9,Perceptual Reasoning,17.461300776135648
85,1.3287519332959492,10,Verbal Reasoning,19.072332433365446
85,1.3287519332959492,11,Working Memory,25.31242791276803
85,1.3287519332959492,12,Processing Speed,20.33855537162372
86,1.7166490952731315,1,Perceptual Reasoning,17.414379640425214
86,1.7166490952731315,2,Working Memory,20.17953131781803
86,1.7166490952731315,3,Verbal Reasoning,14.029385556942367
86,1.7166490952731315,4,Working Memory,22.350211455990035
86,1.7166490952731315,5,Processing Speed,10.979493908716822
86,1.7166490952731315,6,Verbal Reasoning,15.432983679145805
86,1.7166490952731315,7,Working Memory,18.253317594918194
86,1.7166490952731315,8,Perceptual Reasoning,16.765223679567622
86,1.7166490952731315,9,Processing Speed,9.745581473655696
86,1.7166490952731315,10,Processing Speed,11.165287431198214
86,1.7166490952731315,11,Verbal Reasoning,19.788770630392683
86,1.7166490952731315,12,Perceptual Reasoning,14.2485431585499
87,-0.8595861896868637,1,Perceptual Reasoning,3.302624491720223
87,-0.8595861896868637,2,Perceptual Reasoning,0.4833139184596281
87,-0.8595861896868637,3,Working Memory,4.40148641946966
87,-0.8595861896868637,4,Verbal Reasoning,2.0374225255134406
87,-0.8595861896868637,5,Perceptual Reasoning,0.5315119390462977
87,-0.8595861896868637,6,Processing Speed,-1.8360123400661708
87,-0.8595861896868637,7,Processing Speed,-6.254604522640838
87,-0.8595861896868637,8,Working Memory,0.6247446128492364
87,-0.8595861896868637,9,Verbal Reasoning,0.8693168856242903
87,-0.8595861896868637,10,Processing Speed,-0.652749623258819
87,-0.8595861896868637,11,Working Memory,4.258786338599182
87,-0.8595861896868637,12,Verbal Reasoning,5.0941716283674445
88,-1.0135502935594864,1,Processing Speed,0.12975981620675459
88,-1.0135502935594864,2,Perceptual Reasoning,-2.27505408792685
88,-1.0135502935594864,3,Perceptual Reasoning,1.8081518019418135
88,-1.0135502935594864,4,Processing Speed,-0.7590709302353762
88,-1.0135502935594864,5,Verbal Reasoning,1.2328959357611073
88,-1.0135502935594864,6,Working Memory,5.90151127367522
88,-1.0135502935594864,7,Perceptual Reasoning,4.769406262032447
88,-1.0135502935594864,8,Verbal Reasoning,4.188913022930128
88,-1.0135502935594864,9,Working Memory,2.359357641286041
88,-1.0135502935594864,10,Working Memory,3.199529169323697
88,-1.0135502935594864,11,Processing Speed,0.5601412135688739
88,-1.0135502935594864,12,Verbal Reasoning,-2.2696970676113475
89,-0.22024623651864894,1,Verbal Reasoning,-4.311498967443542
89,-0.22024623651864894,2,Perceptual Reasoning,0.5225668641757042
89,-0.22024623651864894,3,Processing Speed,-7.576843189245057
89,-0.22024623651864894,4,Processing Speed,-4.9793684632086945
89,-0.22024623651864894,5,Perceptual Reasoning,-0.6002730405484776
89,-0.22024623651864894,6,Perceptual Reasoning,-1.8684054712010312
89,-0.22024623651864894,7,Processing Speed,-6.5029362225579614
89,-0.22024623651864894,8,Verbal Reasoning,3.8063409028979986
89,-0.22024623651864894,9,Working Memory,6.780001346427289
89,-0.22024623651864894,10,Working Memory,6.421688089575833
89,-0.22024623651864894,11,Verbal Reasoning,6.483832799373788
89,-0.22024623651864894,12,Working Memory,5.553203261557581
90,0.15882310712790917,1,Working Memory,14.349930476060777
90,0.15882310712790917,2,Working Memory,15.433918399575228
90,0.15882310712790917,3,Processing Speed,7.87932874150371
90,0.15882310712790917,4,Verbal Reasoning,7.614108245495343
90,0.15882310712790917,5,Verbal Reasoning,7.579120762529303
90,0.15882310712790917,6,Processing Speed,14.005774333052894
90,0.15882310712790917,7,Verbal Reasoning,5.16486529926076
90,0.15882310712790917,8,Perceptual Reasoning,3.955311678421054
90,0.15882310712790917,9,Perceptual Reasoning,5.70454550243051
90,0.15882310712790917,10,Working Memory,10.863311041216928
90,0.15882310712790917,11,Perceptual Reasoning,6.96450733485237
90,0.15882310712790917,12,Processing Speed,9.914639893964784
91,-0.8692740545075894,1,Processing Speed,7.908344599169895
91,-0.8692740545075894,2,Working Memory,21.829858353346186
91,-0.8692740545075894,3,Processing Speed,13.435813046812507
91,-0.8692740545075894,4,Processing Speed,10.66758536206789
91,-0.8692740545075894,5,Perceptual Reasoning,19.927896999565966
91,-0.8692740545075894,6,Verbal Reasoning,14.281602381879548
91,-0.8692740545075894,7,Working Memory,25.253765234906645
91,-0.8692740545075894,8,Verbal Reasoning,16.41375140875731
91,-0.8692740545075894,9,Perceptual Reasoning,17.73590040861562
91,-0.8692740545075894,10,Working Memory,16.787291941683797
91,-0.8692740545075894,11,Verbal Reasoning,14.291603817656567
91,-0.8692740545075894,12,Perceptual Reasoning,13.695776676379321
92,-0.7306376886265759,1,Verbal Reasoning,15.766774214997179
92,-0.7306376886265759,2,Verbal Reasoning,8.140283449787383
92,-0.7306376886265759,3,Perceptual Reasoning,6.773257554976756
92,-0.7306376886265759,4,Working Memory,11.450010343010739
92,-0.7306376886265759,5,Processing Speed,5.036076007669821
92,-0.7306376886265759,6,Verbal Reasoning,8.413815845819464
92,-0.7306376886265759,7,Processing Speed,7.300967437630291
92,-0.7306376886265759,8,Perceptual Reasoning,17.521017983417515
92,-0.7306376886265759,9,Working Memory,15.774991987679382
92,-0.7306376886265759,10,Processing Speed,7.986106802898976
92,-0.7306376886265759,11,Perceptual Reasoning,13.862910858209341
92,-0.7306376886265759,12,Working Memory,11.382588154286804
93,1.1116331733571843,1,Verbal Reasoning,9.445209401893512
93,1.1116331733571843,2,Perceptual Reasoning,5.174216809296816
93,1.1116331733571843,3,Working Memory,25.1936460029779
93,1.1116331733571843,4,Verbal Reasoning,14.23300973379492
93,1.1116331733571843,5,Processing Speed,15.03184461654057
93,1.1116331733571843,6,Processing Speed,13.694171387964003
93,1.1116331733571843,7,Verbal Reasoning,8.333004091702033
93,1.1116331733571843,8,Working Memory,16.838953125518692
93,1.1116331733571843,9,Processing Speed,13.645512631691542
93,1.1116331733571843,10,Perceptual Reasoning,0.8071769605565855
93,1.1116331733571843,11,Working Memory,17.89461354443273
93,1.1116331733571843,12,Perceptual Reasoning,4.780924939830773
94,-0.16638136592202893,1,Verbal Reasoning,1.5982460825292053
94,-0.16638136592202893,2,Working Memory,10.049921063430412
94,-0.16638136592202893,3,Processing Speed,13.757334734089211
94,-0.16638136592202893,4,Processing Speed,10.993459036367934
94,-0.16638136592202893,5,Processing Speed,14.780701472090337
94,-0.16638136592202893,6,Perceptual Reasoning,3.852625852911787
94,-0.16638136592202893,7,Perceptual Reasoning,1.0008029024969518
94,-0.16638136592202893,8,Verbal Reasoning,8.820079362902577
94,-0.16638136592202893,9,Working Memory,13.845816610265224
94,-0.16638136592202893,10,Perceptual Reasoning,2.148668004581268
94,-0.16638136592202893,11,Verbal Reasoning,5.533782061248313
94,-0.16638136592202893,12,Working Memory,5.920121698858653
95,0.9676952716657607,1,Processing Speed,14.97994732162806
95,0.9676952716657607,2,Verbal Reasoning,17.755931630173226
95,0.9676952716657607,3,Verbal Reasoning,14.004667203832422
95,0.9676952716657607,4,Working Memory,26.699359518242865
95,0.9676952716657607,5,Perceptual Reasoning,11.411997385453741
95,0.9676952716657607,6,Perceptual Reasoning,9.288576748815712
95,0.9676952716657607,7,Processing Speed,16.048023352533402
95,0.9676952716657607,8,Perceptual Reasoning,10.6591621548079
95,0.9676952716657607,9,Working Memory,31.358371582977817
95,0.9676952716657607,10,Working Memory,28.007614422898786
95,0.9676952716657607,11,Processing Speed,19.570322108274773
95,0.9676952716657607,12,Verbal Reasoning,17.515079147336476
96,-0.4983193953493942,1,Perceptual Reasoning,12.903773604795987
96,-0.4983193953493942,2,Working Memory,21.052016220372106
96,-0.4983193953493942,3,Verbal Reasoning,14.399492069171439
96,-0.4983193953493942,4,Processing Speed,23.13331694685612
96,-0.4983193953493942,5,Verbal Reasoning,16.205123407001373
96,-0.4983193953493942,6,Perceptual Reasoning,8.276281188600962
96,-0.4983193953493942,7,Processing Speed,19.20225319826999
96,-0.4983193953493942,8,Working Memory,24.143896262421364
96,-0.4983193953493942,9,Verbal Reasoning,16.13326054818926
96,-0.4983193953493942,10,Working Memory,25.672175770311558
96,-0.4983193953493942,11,Processing Speed,23.019906368269726
96,-0.4983193953493942,12,Perceptual Reasoning,10.014177293619321
97,0.9268858413076935,1,Perceptual Reasoning,13.19410315516921
97,0.9268858413076935,2,Working Memory,15.628153721730202
97,0.9268858413076935,3,Working Memory,17.47378467815605
97,0.9268858413076935,4,Processing Speed,11.82657933999161
97,0.9268858413076935,5,Verbal Reasoning,6.347586834102144
97,0.9268858413076935,6,Processing Speed,10.825611766679959
97,0.9268858413076935,7,Perceptual Reasoning,13.29802369184149
97,0.9268858413076935,8,Processing Speed,14.088965481600885
97,0.9268858413076935,9,Working Memory,20.24340593227369
97,0.9268858413076935,10,Verbal Reasoning,12.916292014623041
97,0.9268858413076935,11,Perceptual Reasoning,11.992852757835827
97,0.9268858413076935,12,Verbal Reasoning,10.761378096940327
98,0.0811430999574115,1,Working Memory,8.368162344723634
98,0.0811430999574115,2,Processing Speed,8.888388896082319
98,0.0811430999574115,3,Perceptual Reasoning,-0.7863291606817626
98,0.0811430999574115,4,Verbal Reasoning,2.897657052189551
98,0.0811430999574115,5,Processing Speed,5.066579579655016
98,0.0811430999574115,6,Perceptual Reasoning,-3.7019875439491967
98,0.0811430999574115,7,Verbal Reasoning,3.1168384149629644
98,0.0811430999574115,8,Verbal Reasoning,-0.41086044010231193
98,0.0811430999574115,9,Perceptual Reasoning,-2.4288507879652035
98,0.0811430999574115,10,Processing Speed,6.362561607837547
98,0.0811430999574115,11,Working Memory,4.168692007021749
98,0.0811430999574115,12,Working Memory,9.615911334374466
99,-0.11445850974548373,1,Working Memory,5.762306995576665
99,-0.11445850974548373,2,Verbal Reasoning,2.675649668371625
99,-0.11445850974548373,3,Processing Speed,-1.075041041098116
99,-0.11445850974548373,4,Perceptual Reasoning,1.8561983911446207
99,-0.11445850974548373,5,Verbal Reasoning,10.05314357531499
99,-0.11445850974548373,6,Working Memory,13.212348728370593
99,-0.11445850974548373,7,Processing Speed,0.34612820953080026
99,-0.11445850974548373,8,Verbal Reasoning,10.115425413373057
99,-0.11445850974548373,9,Perceptual Reasoning,4.232065657015967
99,-0.11445850974548373,10,Perceptual Reasoning,2.3694062950844037
99,-0.11445850974548373,11,Processing Speed,0.19859158451623482
99,-0.11445850974548373,12,Working Memory,11.21599369942766
100,-1.86499802002922,1,Working Memory,4.0043898344567435
100,-1.86499802002922,2,Working Memory,5.371461609589485
100,-1.86499802002922,3,Perceptual Reasoning,2.574974825053072
100,-1.86499802002922,4,Working Memory,8.870467956735915
100,-1.86499802002922,5,Verbal Reasoning,1.095626906093024
100,-1.86499802002922,6,Processing Speed,5.205217206282952
100,-1.86499802002922,7,Verbal Reasoning,3.6150369888697904
100,-1.86499802002922,8,Verbal Reasoning,2.4742292093062828
100,-1.86499802002922,9,Perceptual Reasoning,3.0698591439650396
100,-1.86499802002922,10,Perceptual Reasoning,0.5582132812754299
100,-1.86499802002922,11,Processing Speed,9.082566899273127
100,-1.86499802002922,12,Processing Speed,12.043323385271416
101,-1.421957152653492,1,Perceptual Reasoning,1.1049879803044258
101,-1.421957152653492,2,Verbal Reasoning,0.6844377458476831
101,-1.421957152653492,3,Working Memory,7.7563108861142
101,-1.421957152653492,4,Perceptual Reasoning,5.356448482046424
101,-1.421957152653492,5,Working Memory,4.369893503596136
101,-1.421957152653492,6,Working Memory,-3.0583955622080397
101,-1.421957152653492,7,Processing Speed,-4.114654569275606
101,-1.421957152653492,8,Processing Speed,-4.20221442533618
101,-1.421957152653492,9,Verbal Reasoning,-5.65516376300482
101,-1.421957152653492,10,Verbal Reasoning,-6.380069885992859
101,-1.421957152653492,11,Perceptual Reasoning,-0.5221483593358105
101,-1.421957152653492,12,Processing Speed,-2.3948436605952628
102,0.7108413701031937,1,Processing Speed,17.044061374675
102,0.7108413701031937,2,Perceptual Reasoning,17.39266020167465
102,0.7108413701031937,3,Working Memory,31.66634668641339
102,0.7108413701031937,4,Working Memory,29.72019550127779
102,0.7108413701031937,5,Perceptual Reasoning,16.22620070261613
102,0.7108413701031937,6,Processing Speed,19.07076630778511
102,0.7108413701031937,7,Verbal Reasoning,23.840523729076164
102,0.7108413701031937,8,Perceptual Reasoning,16.71818599744453
102,0.7108413701031937,9,Processing Speed,26.096107175435307
102,0.7108413701031937,10,Working Memory,31.585486886269237
102,0.7108413701031937,11,Verbal Reasoning,20.509989308825848
102,0.7108413701031937,12,Verbal Reasoning,21.441041671511247
103,-1.2948139675618737,1,Verbal Reasoning,8.22739807356977
103,-1.2948139675618737,2,Perceptual Reasoning,9.36558380750177
103,-1.2948139675618737,3,Processing Speed,3.1453221554809496
103,-1.2948139675618737,4,Verbal Reasoning,10.995345212378806
103,-1.2948139675618737,5,Working Memory,12.270463450197362
103,-1.2948139675618737,6,Processing Speed,7.773884942005032
103,-1.2948139675618737,7,Perceptual Reasoning,16.348128174326565
103,-1.2948139675618737,8,Processing Speed,7.84873981797784
103,-1.2948139675618737,9,Verbal Reasoning,12.398820642371149
103,-1.2948139675618737,10,Working Memory,11.581820300405992
103,-1.2948139675618737,11,Perceptual Reasoning,3.274476634384045
103,-1.2948139675618737,12,Working Memory,5.678086719748816
104,-1.0660326922514634,1,Processing Speed,4.53290579009639
104,-1.0660326922514634,2,Perceptual Reasoning,7.622119977250444
104,-1.0660326922514634,3,Perceptual Reasoning,9.223638030449054
104,-1.0660326922514634,4,Processing Speed,3.8446177415324447
104,-1.0660326922514634,5,Working Memory,6.8060185765699615
104,-1.0660326922514634,6,Working Memory,8.671030398901213
104,-1.0660326922514634,7,Perceptual Reasoning,7.307783732093123
104,-1.0660326922514634,8,Working Memory,6.158719811498836
104,-1.0660326922514634,9,Processing Speed,0.37459615314809724
104,-1.0660326922514634,10,Verbal Reasoning,7.161913598046057
104,-1.0660326922514634,11,Verbal Reasoning,3.8901522836041282
104,-1.0660326922514634,12,Verbal Reasoning,8.873168026754916
105,0.16343237365725793,1,Perceptual Reasoning,20.18074165035327
105,0.16343237365725793,2,Working Memory,25.484445052279106
105,0.16343237365725793,3,Processing Speed,15.66301365016108
105,0.16343237365725793,4,Verbal Reasoning,15.259528419497471
105,0.16343237365725793,5,Verbal Reasoning,16.860896970529268
105,0.16343237365725793,6,Processing Speed,12.218464604399083
105,0.16343237365725793,7,Perceptual Reasoning,10.47966191360112
105,0.16343237365725793,8,Working Memory,20.98022293192487
105,0.16343237365725793,9,Perceptual Reasoning,19.089855797052024
105,0.16343237365725793,10,Verbal Reasoning,16.277122463493498
105,0.16343237365725793,11,Processing Speed,19.710583373746182
105,0.16343237365725793,12,Working Memory,24.149019876720946
106,0.9154594897800145,1,Processing Speed,1.0982387594601803
106,0.9154594897800145,2,Perceptual Reasoning,2.903105048987296
106,0.9154594897800145,3,Verbal Reasoning,5.721718364106266
106,0.9154594897800145,4,Verbal Reasoning,5.92422174482057
106,0.9154594897800145,5,Working Memory,11.750917696870646
106,0.9154594897800145,6,Perceptual Reasoning,-2.566325238752242
106,0.9154594897800145,7,Processing Speed,-3.083211363105487
106,0.9154594897800145,8,Perceptual Reasoning,0.27867148025298993
106,0.9154594897800145,9,Working Memory,12.630795519369387
106,0.9154594897800145,10,Verbal Reasoning,5.384776277985291
106,0.9154594897800145,11,Processing Speed,1.587174542730118
106,0.9154594897800145,12,Working Memory,13.503409860570894
107,-0.2937643629273741,1,Verbal Reasoning,11.41809708499193
107,-0.2937643629273741,2,Working Memory,21.075663356739568
107,-0.2937643629273741,3,Processing Speed,12.867634886413011
107,-0.2937643629273741,4,Perceptual Reasoning,7.920702836496328
107,-0.2937643629273741,5,Processing Speed,14.149957882518217
107,-0.2937643629273741,6,Working Memory,18.41736925081262
107,-0.2937643629273741,7,Verbal Reasoning,12.16675683111134
107,-0.2937643629273741,8,Perceptual Reasoning,16.04022935961568
107,-0.2937643629273741,9,Verbal Reasoning,15.761118051185965
107,-0.2937643629273741,10,Perceptual Reasoning,6.129999774286795
107,-0.2937643629273741,11,Working Memory,19.766452868362844
107,-0.2937643629273741,12,Processing Speed,16.157587355063857
108,0.8299905534138008,1,Working Memory,28.398847292189807
108,0.8299905534138008,2,Processing Speed,21.58068011595669
108,0.8299905534138008,3,Working Memory,20.272315564618737
108,0.8299905534138008,4,Perceptual Reasoning,18.8459884120389
108,0.8299905534138008,5,Working Memory,25.062487711231228
108,0.8299905534138008,6,Verbal Reasoning,24.247641101270556
108,0.8299905534138008,7,Processing Speed,26.66539633469422
108,0.8299905534138008,8,Processing Speed,31.067196887583503
108,0.8299905534138008,9,Perceptual Reasoning,27.410995463102623
108,0.8299905534138008,10,Perceptual Reasoning,21.14404739270019
108,0.8299905534138008,11,Verbal Reasoning,23.265749657479084
108,0.8299905534138008,12,Verbal Reasoning,20.865106391958495
109,-1.2593221450550938,1,Verbal Reasoning,-0.23764093710230716
109,-1.2593221450550938,2,Working Memory,4.136853403860395
109,-1.2593221450550938,3,Processing Speed,1.994262450453361
109,-1.2593221450550938,4,Verbal Reasoning,5.2628833149462935
109,-1.2593221450550938,5,Perceptual Reasoning,-5.722135005732474
109,-1.2593221450550938,6,Processing Speed,4.125500101954235
109,-1.2593221450550938,7,Processing Speed,1.537554134345131
109,-1.2593221450550938,8,Perceptual Reasoning,-5.376703685021561
109,-1.2593221450550938,9,Working Memory,6.085508577638343
109,-1.2593221450550938,10,Verbal Reasoning,6.8004909611429865
109,-1.2593221450550938,11,Perceptual Reasoning,-7.54621241762718
109,-1.2593221450550938,12,Working Memory,4.070491650729982
110,1.003169414430992,1,Processing Speed,19.726507387750893
110,1.003169414430992,2,Verbal Reasoning,18.334322733558036
110,1.003169414430992,3,Verbal Reasoning,13.692117677300054
110,1.003169414430992,4,Working Memory,19.656735900604716
110,1.003169414430992,5,Processing Speed,13.438238544508312
110,1.003169414430992,6,Perceptual Reasoning,5.274145878518555
110,1.003169414430992,7,Perceptual Reasoning,6.1302827660897545
110,1.003169414430992,8,Working Memory,20.094682463469784
110,1.003169414430992,9,Processing Speed,9.871880613561455
110,1.003169414430992,10,Perceptual Reasoning,2.147427305121612
110,1.003169414430992,11,Verbal Reasoning,12.043560199018541
110,1.003169414430992,12,Working Memory,19.631860749999365
111,0.7629741464572607,1,Perceptual Reasoning,11.556041527541172
111,0.7629741464572607,2,Working Memory,17.462137436675103
111,0.7629741464572607,3,Verbal Reasoning,11.88734342872138
111,0.7629741464572607,4,Perceptual Reasoning,4.500957104669159
111,0.7629741464572607,5,Working Memory,19.916771616012994
111,0.7629741464572607,6,Verbal Reasoning,11.235282638317292
111,0.7629741464572607,7,Processing Speed,11.847481456354195
111,0.7629741464572607,8,Processing Speed,17.993836432982278
111,0.7629741464572607,9,Perceptual Reasoning,9.362622661893935
111,0.7629741464572607,10,Processing Speed,15.403331120974368
111,0.7629741464572607,11,Verbal Reasoning,13.040733900989789
111,0.7629741464572607,12,Working Memory,22.426270784662655
112,-0.5332393989369613,1,Perceptual Reasoning,3.466330843320462
112,-0.5332393989369613,2,Working Memory,3.683986463651384
112,-0.5332393989369613,3,Processing Speed,-1.4437145445234363
112,-0.5332393989369613,4,Perceptual Reasoning,-3.2414030140131707
112,-0.5332393989369613,5,Processing Speed,-3.8165018859705935
112,-0.5332393989369613,6,Verbal Reasoning,-0.44615775064812857
112,-0.5332393989369613,7,Processing Speed,4.154566894692029
112,-0.5332393989369613,8,Perceptual Reasoning,-1.3782933757214857
112,-0.5332393989369613,9,Verbal Reasoning,3.6760557310663238
112,-0.5332393989369613,10,Working Memory,1.5719080811626414
112,-0.5332393989369613,11,Verbal Reasoning,-4.5241126559472615
112,-0.5332393989369613,12,Working Memory,0.005729462089206883
113,0.30642086688249237,1,Working Memory,15.945533531207618
113,0.30642086688249237,2,Processing Speed,8.490187783487585
113,0.30642086688249237,3,Perceptual Reasoning,6.156376185842468
113,0.30642086688249237,4,Verbal Reasoning,9.61029473302676
113,0.30642086688249237,5,Verbal Reasoning,16.162052206991188
113,0.30642086688249237,6,Processing Speed,14.768985552884473
113,0.30642086688249237,7,Perceptual Reasoning,9.17836762320546
113,0.30642086688249237,8,Perceptual Reasoning,10.21929197615252
113,0.30642086688249237,9,Working Memory,19.92791963042454
113,0.30642086688249237,10,Working Memory,22.09995966662922
113,0.30642086688249237,11,Verbal Reasoning,22.62118068569836
113,0.30642086688249237,12,Processing Speed,19.96536504433557
114,1.2053838262018952,1,Verbal Reasoning,9.75604452650564
114,1.2053838262018952,2,Working Memory,14.570410176684733
114,1.2053838262018952,3,Processing Speed,7.960014900550398
114,1.2053838262018952,4,Processing Speed,8.78183192472925
114,1.2053838262018952,5,Working Memory,17.261951106872303
114,1.2053838262018952,6,Perceptual Reasoning,5.210365341267327
114,1.2053838262018952,7,Perceptual Reasoning,4.3348391858676285
114,1.2053838262018952,8,Working Memory,10.550328857335714
114,1.2053838262018952,9,Verbal Reasoning,6.010081380133263
114,1.2053838262018952,10,Verbal Reasoning,8.520836693371399
114,1.2053838262018952,11,Processing Speed,4.753576596354901
114,1.2053838262018952,12,Perceptual Reasoning,4.417445503638457
115,-1.0027257868914694,1,Perceptual Reasoning,6.170530013870347
115,-1.0027257868914694,2,Processing Speed,10.093670253091238
115,-1.0027257868914694,3,Verbal Reasoning,7.436909355479904
115,-1.0027257868914694,4,Working Memory,13.149264985073911
115,-1.0027257868914694,5,Processing Speed,8.860135042694834
115,-1.0027257868914694,6,Working Memory,7.071438200549286
115,-1.0027257868914694,7,Processing Speed,13.262787357205
115,-1.0027257868914694,8,Verbal Reasoning,9.586482254294864
115,-1.0027257868914694,9,Perceptual Reasoning,5.514360760192719
115,-1.0027257868914694,10,Working Memory,11.075543685094178
115,-1.0027257868914694,11,Perceptual Reasoning,3.4792441546503197
115,-1.0027257868914694,12,Verbal Reasoning,5.8233157415210846
116,-0.892245924209741,1,Perceptual Reasoning,2.546820122078725
116,-0.892245924209741,2,Verbal Reasoning,5.059146633877246
116,-0.892245924209741,3,Working Memory,2.4249930184983692
116,-0.892245924209741,4,Perceptual Reasoning,4.062037566860901
116,-0.892245924209741,5,Verbal Reasoning,2.833602625156326
116,-0.892245924209741,6,Processing Speed,5.054696245518276
116,-0.892245924209741,7,Working Memory,0.44201763422108886
116,-0.892245924209741,8,Processing Speed,6.743119883706423
116,-0.892245924209741,9,Perceptual Reasoning,6.263971168591236
116,-0.892245924209741,10,Working Memory,0.5646774889476518
116,-0.892245924209741,11,Verbal Reasoning,7.958542692918305
116,-0.892245924209741,12,Processing Speed,7.882249488005397
117,0.03014891127198188,1,Perceptual Reasoning,10.047151032191824
117,0.03014891127198188,2,Verbal Reasoning,17.32786961101876
117,0.03014891127198188,3,Processing Speed,10.969627967002749
117,0.03014891127198188,4,Processing Speed,6.74295824719199
117,0.03014891127198188,5,Working Memory,16.976258837069544
117,0.03014891127198188,6,Verbal Reasoning,10.197995940582647
117,0.03014891127198188,7,Working Memory,16.777806571721033
117,0.03014891127198188,8,Processing Speed,9.404718950057527
117,0.03014891127198188,9,Perceptual Reasoning,12.425610960570507
117,0.03014891127198188,10,Perceptual Reasoning,12.477330364108669
117,0.03014891127198188,11,Working Memory,20.176463075019953
117,0.03014891127198188,12,Verbal Reasoning,17.352106878770932
118,-0.42199857611808905,1,Verbal Reasoning,-0.8040333573050082
118,-0.42199857611808905,2,Processing Speed,7.397363752802816
118,-0.42199857611808905,3,Working Memory,7.694395384875893
118,-0.42199857611808905,4,Perceptual Reasoning,7.689301579580232
118,-0.42199857611808905,5,Perceptual Reasoning,12.055893349651281
118,-0.42199857611808905,6,Verbal Reasoning,10.735898348726082
118,-0.42199857611808905,7,Processing Speed,14.993805913564795
118,-0.42199857611808905,8,Processing Speed,11.274432472405364
118,-0.42199857611808905,9,Perceptual Reasoning,5.172654210443586
118,-0.42199857611808905,10,Working Memory,3.8882115127646086
118,-0.42199857611808905,11,Verbal Reasoning,2.889342834105943
118,-0.42199857611808905,12,Working Memory,7.182170505586584
119,-0.2474250997421102,1,Verbal Reasoning,4.215189618192436
119,-0.2474250997421102,2,Working Memory,8.620751597172786
119,-0.2474250997421102,3,Perceptual Reasoning,9.229930392413493
119,-0.2474250997421102,4,Processing Speed,1.5225490252014091
119,-0.2474250997421102,5,Processing Speed,6.127074359386167
119,-0.2474250997421102,6,Perceptual Reasoning,12.563119494824
119,-0.2474250997421102,7,Verbal Reasoning,2.053400082615954
119,-0.2474250997421102,8,Working Memory,4.461381656006574
119,-0.2474250997421102,9,Perceptual Reasoning,7.504778029407125
119,-0.2474250997421102,10,Processing Speed,-0.34169121254922485
119,-0.2474250997421102,11,Working Memory,8.473573037401335
119,-0.2474250997421102,12,Verbal Reasoning,7.592977073919381
120,0.6441511500484808,1,Verbal Reasoning,4.7384753394358246
120,0.6441511500484808,2,Verbal Reasoning,5.405643082909675
120,0.6441511500484808,3,Processing Speed,14.863172871317213
120,0.6441511500484808,4,Processing Speed,17.018875656684433
120,0.6441511500484808,5,Perceptual Reasoning,14.401137218338343
120,0.6441511500484808,6,Verbal Reasoning,20.435138757304284
120,0.6441511500484808,7,Perceptual Reasoning,15.408359870239652
120,0.6441511500484808,8,Perceptual Reasoning,13.508506221973715
120,0.6441511500484808,9,Processing Speed,19.20724176956028
120,0.6441511500484808,10,Working Memory,17.21626262639352
120,0.6441511500484808,11,Working Memory,16.193532045671358
120,0.6441511500484808,12,Working Memory,21.632351132787726
121,0.2185133648595564,1,Verbal Reasoning,12.172036582780555
121,0.2185133648595564,2,Perceptual Reasoning,16.66524363595136
121,0.2185133648595564,3,Processing Speed,16.979702759800244
121,0.2185133648595564,4,Verbal Reasoning,11.12265372624927
121,0.2185133648595564,5,Perceptual Reasoning,13.87262328314517
121,0.2185133648595564,6,Processing Speed,14.810822371807136
121,0.2185133648595564,7,Working Memory,21.931093756565026
121,0.2185133648595564,8,Working Memory,16.324460313034628
121,0.2185133648595564,9,Working Memory,17.391993325467926
121,0.2185133648595564,10,Processing Speed,11.104534897081981
121,0.2185133648595564,11,Verbal Reasoning,12.030571429167628
121,0.2185133648595564,12,Perceptual Reasoning,10.17301029578182
122,1.5249047408633858,1,Working Memory,23.842705136635175
122,1.5249047408633858,2,Verbal Reasoning,15.52332908976873
122,1.5249047408633858,3,Verbal Reasoning,17.21160288621824
122,1.5249047408633858,4,Working Memory,25.6594187425591
122,1.5249047408633858,5,Perceptual Reasoning,14.713179556651623
122,1.5249047408633858,6,Perceptual Reasoning,16.38233351533323
122,1.5249047408633858,7,Verbal Reasoning,12.688023071685034
122,1.5249047408633858,8,Processing Speed,16.865803259042956
122,1.5249047408633858,9,Working Memory,27.02480558804783
122,1.5249047408633858,10,Perceptual Reasoning,17.178944762867065
122,1.5249047408633858,11,Processing Speed,21.48044043704901
122,1.5249047408633858,12,Processing Speed,22.642612873629567
123,-1.0240467103039497,1,Verbal Reasoning,4.658664142630746
123,-1.0240467103039497,2,Working Memory,5.872083330867618
123,-1.0240467103039497,3,Verbal Reasoning,0.9075075932818502
123,-1.0240467103039497,4,Perceptual Reasoning,4.509357322193636
123,-1.0240467103039497,5,Verbal Reasoning,5.638662972609078
123,-1.0240467103039497,6,Processing Speed,8.155432864850626
123,-1.0240467103039497,7,Working Memory,11.516850274182923
123,-1.0240467103039497,8,Working Memory,9.097779267625949
123,-1.0240467103039497,9,Perceptual Reasoning,-1.351118293430761
123,-1.0240467103039497,10,Processing Speed,7.076845027621006
123,-1.0240467103039497,11,Processing Speed,13.936668993631308
123,-1.0240467103039497,12,Perceptual Reasoning,4.565886780180704
124,0.5195006451452931,1,Working Memory,12.77932272529373
124,0.5195006451452931,2,Processing Speed,9.277313822291035
124,0.5195006451452931,3,Processing Speed,4.96938208552759
124,0.5195006451452931,4,Processing Speed,7.757914374488819
124,0.5195006451452931,5,Perceptual Reasoning,4.961576194909632
124,0.5195006451452931,6,Verbal Reasoning,11.909145336522393
124,0.5195006451452931,7,Verbal Reasoning,8.0158816240142
124,0.5195006451452931,8,Working Memory,13.985310449870667
124,0.5195006451452931,9,Perceptual Reasoning,8.309850438653791
124,0.5195006451452931,10,Working Memory,15.85431542583407
124,0.5195006451452931,11,Verbal Reasoning,8.168764378734474
124,0.5195006451452931,12,Perceptual Reasoning,4.713986700185898
125,0.024742072161963946,1,Perceptual Reasoning,-5.289183825423307
125,0.024742072161963946,2,Verbal Reasoning,1.9613768376236305
125,0.024742072161963946,3,Verbal Reasoning,0.06415625865716557
125,0.024742072161963946,4,Perceptual Reasoning,-6.098386440219106
125,0.024742072161963946,5,Processing Speed,-4.9585143980233495
125,0.024742072161963946,6,Working Memory,2.4446425117926918
125,0.024742072161963946,7,Processing Speed,-0.21310657296326596
125,0.024742072161963946,8,Verbal Reasoning,6.4320629509041005
125,0.024742072161963946,9,Perceptual Reasoning,-0.5800173200212695
125,0.024742072161963946,10,Processing Speed,4.437332955369663
125,0.024742072161963946,11,Working Memory,7.982306304026364
125,0.024742072161963946,12,Working Memory,10.024459211462302
126,-0.9706495040407916,1,Perceptual Reasoning,11.527816570224807
126,-0.9706495040407916,2,Verbal Reasoning,15.194210006286326
126,-0.9706495040407916,3,Verbal Reasoning,15.065379651348783
126,-0.9706495040407916,4,Processing Speed,13.871890625833563
126,-0.9706495040407916,5,Working Memory,26.922584497044188
126,-0.9706495040407916,6,Working Memory,19.90515309681308
126,-0.9706495040407916,7,Working Memory,16.658448383376896
126,-0.9706495040407916,8,Verbal Reasoning,9.384993492937204
126,-0.9706495040407916,9,Processing Speed,12.256624595358755
126,-0.9706495040407916,10,Perceptual Reasoning,5.875802418331477
126,-0.9706495040407916,11,Perceptual Reasoning,7.301761135813181
126,-0.9706495040407916,12,Processing Speed,12.64088552934039
127,-1.6960195635861817,1,Working Memory,11.60026479554719
127,-1.6960195635861817,2,Processing Speed,6.697079465942442
127,-1.6960195635861817,3,Processing Speed,5.150799047475636
127,-1.6960195635861817,4,Working Memory,15.60008898155348
127,-1.6960195635861817,5,Verbal Reasoning,8.340788316651764
127,-1.6960195635861817,6,Verbal Reasoning,7.07736063002292
127,-1.6960195635861817,7,Processing Speed,3.5329375821932345
127,-1.6960195635861817,8,Verbal Reasoning,6.367247224565453
127,-1.6960195635861817,9,Working Memory,11.10505716946483
127,-1.6960195635861817,10,Perceptual Reasoning,6.074104060580543
127,-1.6960195635861817,11,Perceptual Reasoning,8.186461675356021
127,-1.6960195635861817,12,Perceptual Reasoning,5.017528573185852
128,0.6628202863411766,1,Verbal Reasoning,8.223762042425136
128,0.6628202863411766,2,Working Memory,21.630572834769694
128,0.6628202863411766,3,Verbal Reasoning,12.163819969657613
128,0.6628202863411766,4,Processing Speed,6.465169427852832
128,0.6628202863411766,5,Working Memory,16.676062067125574
128,0.6628202863411766,6,Processing Speed,0.16355771032658772
128,0.6628202863411766,7,Perceptual Reasoning,4.163406180326573
128,0.6628202863411766,8,Processing Speed,-0.6565712957164411
128,0.6628202863411766,9,Verbal Reasoning,3.7480505172692737
128,0.6628202863411766,10,Working Memory,12.328454945824529
128,0.6628202863411766,11,Perceptual Reasoning,2.4320858480733984
128,0.6628202863411766,12,Perceptual Reasoning,6.089469402086196
129,-0.08293095959619111,1,Working Memory,8.687577580338528
129,-0.08293095959619111,2,Verbal Reasoning,4.8990176209675305
129,-0.08293095959619111,3,Processing Speed,2.0604077783596058
129,-0.08293095959619111,4,Perceptual Reasoning,-5.124312477231692
129,-0.08293095959619111,5,Working Memory,4.420993563595896
129,-0.08293095959619111,6,Processing Speed,0.3947222113358221
129,-0.08293095959619111,7,Perceptual Reasoning,-4.483601416319576
129,-0.08293095959619111,8,Working Memory,5.205956230106372
129,-0.08293095959619111,9,Processing Speed,-3.8597058866049436
129,-0.08293095959619111,10,Verbal Reasoning,1.3586091200611716
129,-0.08293095959619111,11,Perceptual Reasoning,-4.730844254408236
129,-0.08293095959619111,12,Verbal Reasoning,0.0019950770068870582
130,-1.2914958279016473,1,Working Memory,6.127957935713813
130,-1.2914958279016473,2,Verbal Reasoning,5.752138026158388
130,-1.2914958279016473,3,Working Memory,6.975339322860906
130,-1.2914958279016473,4,Working Memory,7.006695245605616
130,-1.2914958279016473,5,Processing Speed,17.1225864993357
130,-1.2914958279016473,6,Verbal Reasoning,7.925717568561754
130,-1.2914958279016473,7,Perceptual Reasoning,-1.8279113093936434
130,-1.2914958279016473,8,Verbal Reasoning,8.84108745399085
130,-1.2914958279016473,9,Perceptual Reasoning,0.8787676398906203
130,-1.2914958279016473,10,Processing Speed,11.806803562291117
130,-1.2914958279016473,11,Perceptual Reasoning,-0.023455637526035744
130,-1.2914958279016473,12,Processing Speed,14.238225792883515
131,0.29276336035324685,1,Working Memory,19.443258061403238
131,0.29276336035324685,2,Working Memory,19.881419104734555
131,0.29276336035324685,3,Perceptual Reasoning,18.93192713320641
131,0.29276336035324685,4,Perceptual Reasoning,12.957782386851283
131,0.29276336035324685,5,Processing Speed,4.071650838690463
131,0.29276336035324685,6,Verbal Reasoning,8.492491341177836
131,0.29276336035324685,7,Working Memory,9.350092683136081
131,0.29276336035324685,8,Processing Speed,9.50014643730636
131,0.29276336035324685,9,Perceptual Reasoning,10.395269694604679
131,0.29276336035324685,10,Processing Speed,4.474312875612398
131,0.29276336035324685,11,Verbal Reasoning,11.509111909228393
131,0.29276336035324685,12,Verbal Reasoning,6.400457400779312
132,-0.0979093921838044,1,Verbal Reasoning,8.749936600483855
132,-0.0979093921838044,2,Working Memory,7.1337656411897425
132,-0.0979093921838044,3,Working Memory,11.413046759309744
132,-0.0979093921838044,4,Perceptual Reasoning,7.905184000789886
132,-0.0979093921838044,5,Perceptual Reasoning,6.658100265245521
132,-0.0979093921838044,6,Perceptual Reasoning,5.665038541783235
132,-0.0979093921838044,7,Working Memory,8.721725966919475
132,-0.0979093921838044,8,Processing Speed,5.864607705766185
132,-0.0979093921838044,9,Processing Speed,13.438209967192886
132,-0.0979093921838044,10,Processing Speed,13.391090170393113
132,-0.0979093921838044,11,Verbal Reasoning,12.447019536931203
132,-0.0979093921838044,12,Verbal Reasoning,11.02323740563749
133,1.5977460351401787,1,Perceptual Reasoning,22.801986741143416
133,1.5977460351401787,2,Working Memory,36.34415685643622
133,1.5977460351401787,3,Verbal Reasoning,20.89899875654481
133,1.5977460351401787,4,Processing Speed,20.848322530987325
133,1.5977460351401787,5,Working Memory,33.80812687846062
133,1.5977460351401787,6,Processing Speed,19.423834533232082
133,1.5977460351401787,7,Verbal Reasoning,19.497448979209373
133,1.5977460351401787,8,Working Memory,36.04749424996411
133,1.5977460351401787,9,Perceptual Reasoning,16.14493989051913
133,1.5977460351401787,10,Processing Speed,18.811597543032896
133,1.5977460351401787,11,Verbal Reasoning,18.818284898665613
133,1.5977460351401787,12,Perceptual Reasoning,15.204746965467205
134,-0.9256546878029057,1,Working Memory,-3.1796114281087346
134,-0.9256546878029057,2,Perceptual Reasoning,-5.537352819307301
134,-0.9256546878029057,3,Processing Speed,-3.3665993073490457
134,-0.9256546878029057,4,Working Memory,2.2808002340238525
134,-0.9256546878029057,5,Verbal Reasoning,3.0402279298934274
134,-0.9256546878029057,6,Perceptual Reasoning,-5.153103333779448
134,-0.9256546878029057,7,Processing Speed,-5.731865834345685
134,-0.9256546878029057,8,Processing Speed,-3.1767806211515093
134,-0.9256546878029057,9,Verbal Reasoning,1.2995686307628738
134,-0.9256546878029057,10,Working Memory,1.65355086917663
134,-0.9256546878029057,11,Verbal Reasoning,5.506098520712737
134,-0.9256546878029057,12,Perceptual Reasoning,-2.589774129819262
135,0.8406848998329809,1,Perceptual Reasoning,15.22340084793219
135,0.8406848998329809,2,Perceptual Reasoning,14.129819160003898
135,0.8406848998329809,3,Processing Speed,24.502198229222373
135,0.8406848998329809,4,Processing Speed,20.842571530437496
135,0.8406848998329809,5,Verbal Reasoning,25.692528924544725
135,0.8406848998329809,6,Perceptual Reasoning,12.134106376539059
135,0.8406848998329809,7,Working Memory,31.71049095705603
135,0.8406848998329809,8,Working Memory,27.16378003742605
135,0.8406848998329809,9,Working Memory,32.25130147096045
135,0.8406848998329809,10,Verbal Reasoning,19.54223301007416
135,0.8406848998329809,11,Verbal Reasoning,21.825262662887294
135,0.8406848998329809,12,Processing Speed,21.125132402627678
136,-0.6410550733673361,1,Verbal Reasoning,8.228990378453922
136,-0.6410550733673361,2,Perceptual Reasoning,4.965333211792498
136,-0.6410550733673361,3,Verbal Reasoning,12.788664469499798
136,-0.6410550733673361,4,Perceptual Reasoning,6.117860797826078
136,-0.6410550733673361,5,Working Memory,17.564529357289725
136,-0.6410550733673361,6,Working Memory,20.348983308520395
136,-0.6410550733673361,7,Working Memory,18.841187970772108
136,-0.6410550733673361,8,Processing Speed,11.06373755584077
136,-0.6410550733673361,9,Processing Speed,7.131718131039235
136,-0.6410550733673361,10,Verbal Reasoning,11.071767455324098
136,-0.6410550733673361,11,Perceptual Reasoning,4.221779536711237
136,-0.6410550733673361,12,Processing Speed,5.005515543815683
137,-1.458915620014116,1,Perceptual Reasoning,-2.6186754052512473
137,-1.458915620014116,2,Perceptual Reasoning,-1.9292310666609158
137,-1.458915620014116,3,Perceptual Reasoning,-5.509238567511167
137,-1.458915620014116,4,Processing Speed,11.143469196580773
137,-1.458915620014116,5,Processing Speed,9.65039085851453
137,-1.458915620014116,6,Processing Speed,7.0201039200426525
137,-1.458915620014116,7,Working Memory,2.3579239589450127
137,-1.458915620014116,8,Working Memory,7.818937524813726
137,-1.458915620014116,9,Verbal Reasoning,5.967177321746201
137,-1.458915620014116,10,Verbal Reasoning,10.717612618626315
137,-1.458915620014116,11,Working Memory,9.191472798960628
137,-1.458915620014116,12,Verbal Reasoning,4.39767922974255
138,1.1778177610149148,1,Working Memory,26.04630982727193
138,1.1778177610149148,2,Verbal Reasoning,19.649193097219232
138,1.1778177610149148,3,Perceptual Reasoning,23.76673621866953
138,1.1778177610149148,4,Working Memory,28.459812937508516
138,1.1778177610149148,5,Perceptual Reasoning,17.524360800122093
138,1.1778177610149148,6,Processing Speed,20.32183959149674
138,1.1778177610149148,7,Verbal Reasoning,12.581663612435495
138,1.1778177610149148,8,Verbal Reasoning,17.964277188058784
138,1.1778177610149148,9,Perceptual Reasoning,20.16018879689375
138,1.1778177610149148,10,Processing Speed,19.91532403535385
138,1.1778177610149148,11,Working Memory,26.783479936578303
138,1.1778177610149148,12,Processing Speed,17.697600827906506
139,-2.279219584982602,1,Processing Speed,-14.426837402556732
139,-2.279219584982602,2,Verbal Reasoning,-3.459381671746663
139,-2.279219584982602,3,Perceptual Reasoning,-5.7896846950003065
139,-2.279219584982602,4,Working Memory,0.7964887707505843
139,-2.279219584982602,5,Working Memory,-3.657211292565303
139,-2.279219584982602,6,Perceptual Reasoning,-5.970835302158496
139,-2.279219584982602,7,Working Memory,-6.427523257925506
139,-2.279219584982602,8,Processing Speed,-12.022858355194565
139,-2.279219584982602,9,Perceptual Reasoning,-8.61319307903024
139,-2.279219584982602,10,Verbal Reasoning,-2.4950593508195356
139,-2.279219584982602,11,Verbal Reasoning,2.1267404074613685
139,-2.279219584982602,12,Processing Speed,-5.753074115434057
140,0.2722078449304522,1,Processing Speed,20.497417943660338
140,0.2722078449304522,2,Perceptual Reasoning,15.107656289955404
140,0.2722078449304522,3,Verbal Reasoning,10.992736192849978
140,0.2722078449304522,4,Working Memory,23.852555687027568
140,0.2722078449304522,5,Verbal Reasoning,13.680575320029979
140,0.2722078449304522,6,Perceptual Reasoning,15.69340533201691
140,0.2722078449304522,7,Processing Speed,15.11149936122813
140,0.2722078449304522,8,Working Memory,26.508748173260038
140,0.2722078449304522,9,Perceptual Reasoning,18.813877052638453
140,0.2722078449304522,10,Processing Speed,14.247048173128931
140,0.2722078449304522,11,Working Memory,29.00426057166839
140,0.2722078449304522,12,Verbal Reasoning,11.410773598553835
141,0.5510743694095194,1,Processing Speed,16.292493264440232
141,0.5510743694095194,2,Working Memory,14.09032042899525
141,0.5510743694095194,3,Working Memory,17.268606295025048
141,0.5510743694095194,4,Processing Speed,20.707690296388712
141,0.5510743694095194,5,Working Memory,16.978568851962365
141,0.5510743694095194,6,Perceptual Reasoning,17.795404272622722
141,0.5510743694095194,7,Perceptual Reasoning,14.620712259181301
141,0.5510743694095194,8,Perceptual Reasoning,16.344642743692788
141,0.5510743694095194,9,Verbal Reasoning,17.415479597447533
141,0.5510743694095194,10,Verbal Reasoning,17.254836657681132
141,0.5510743694095194,11,Processing Speed,16.48503337112142
141,0.5510743694095194,12,Verbal Reasoning,17.764092323193932
142,0.4047545438020554,1,Working Memory,11.458602770236316
142,0.4047545438020554,2,Verbal Reasoning,7.283368671022199
142,0.4047545438020554,3,Working Memory,7.6053400638687965
142,0.4047545438020554,4,Perceptual Reasoning,-0.324229257168698
142,0.4047545438020554,5,Processing Speed,1.5777226390701218
142,0.4047545438020554,6,Perceptual Reasoning,-0.034343118931027705
142,0.4047545438020554,7,Verbal Reasoning,2.3389199060924524
142,0.4047545438020554,8,Processing Speed,-0.004337514443022883
142,0.4047545438020554,9,Verbal Reasoning,-3.036453439661015
142,0.4047545438020554,10,Perceptual Reasoning,-5.706312086904067
142,0.4047545438020554,11,Working Memory,3.5546454273329102
142,0.4047545438020554,12,Processing Speed,3.493133680929221
143,-0.6038328978746264,1,Verbal Reasoning,5.304865903773077
143,-0.6038328978746264,2,Working Memory,5.879639950436338
143,-0.6038328978746264,3,Perceptual Reasoning,-2.317145503689031
143,-0.6038328978746264,4,Verbal Reasoning,5.84582879991357
143,-0.6038328978746264,5,Working Memory,8.436815325082446
143,-0.6038328978746264,6,Processing Speed,7.564332376176981
143,-0.6038328978746264,7,Processing Speed,5.393631685547728
143,-0.6038328978746264,8,Perceptual Reasoning,-2.1148702597485234
143,-0.6038328978746264,9,Verbal Reasoning,2.7289533960331305
143,-0.6038328978746264,10,Working Memory,10.043116330739254
143,-0.6038328978746264,11,Processing Speed,7.589025040512361
143,-0.6038328978746264,12,Perceptual Reasoning,-0.5339222781799562
144,-0.9220310051427847,1,Processing Speed,13.388082999331933
144,-0.9220310051427847,2,Working Memory,11.851818920626862
144,-0.9220310051427847,3,Processing Speed,9.829276455835164
144,-0.9220310051427847,4,Processing Speed,6.497055497316305
144,-0.9220310051427847,5,Working Memory,10.762401880961217
144,-0.9220310051427847,6,Verbal Reasoning,8.094258583294508
144,-0.9220310051427847,7,Working Memory,10.156259326650297
144,-0.9220310051427847,8,Verbal Reasoning,3.425120184777134
144,-0.9220310051427847,9,Perceptual Reasoning,-1.1411849023436145
144,-0.9220310051427847,10,Perceptual Reasoning,0.4693113366028435
144,-0.9220310051427847,11,Verbal Reasoning,3.2507347180093324
144,-0.9220310051427847,12,Perceptual Reasoning,-0.620909412632138
145,0.47991072230901405,1,Processing Speed,2.7442318157660632
145,0.47991072230901405,2,Perceptual Reasoning,-5.538447174538763
145,0.47991072230901405,3,Processing Speed,1.2974193788056088
145,0.47991072230901405,4,Working Memory,17.004467825862445
145,0.47991072230901405,5,Verbal Reasoning,10.313814158964437
145,0.47991072230901405,6,Perceptual Reasoning,6.288494415211726
145,0.47991072230901405,7,Working Memory,17.993025627319014
145,0.47991072230901405,8,Working Memory,18.5563323121198
145,0.47991072230901405,9,Verbal Reasoning,12.311624190505567
145,0.47991072230901405,10,Processing Speed,3.076707248066361
145,0.47991072230901405,11,Perceptual Reasoning,2.545327886571083
145,0.47991072230901405,12,Verbal Reasoning,11.8343344032032
146,0.10588156759605771,1,Processing Speed,5.827935879928388
146,0.10588156759605771,2,Working Memory,14.35850882215085
146,0.10588156759605771,3,Verbal Reasoning,-1.7722130305514021
146,0.10588156759605771,4,Processing Speed,2.411069057902602
146,0.10588156759605771,5,Working Memory,9.31992588443218
146,0.10588156759605771,6,Verbal Reasoning,-1.9120363898261075
146,0.10588156759605771,7,Verbal Reasoning,0.6609118331426984
146,0.10588156759605771,8,Perceptual Reasoning,-6.393214463061959
146,0.10588156759605771,9,Processing Speed,-0.3863028502720067
146,0.10588156759605771,10,Working Memory,13.36922649349547
146,0.10588156759605771,11,Perceptual Reasoning,-3.3412918958597952
146,0.10588156759605771,12,Perceptual Reasoning,-2.31248349463408
147,-1.1403779533015204,1,Processing Speed,2.91399252228301
147,-1.1403779533015204,2,Processing Speed,1.2859919668005273
147,-1.1403779533015204,3,Working Memory,0.3443663091251219
147,-1.1403779533015204,4,Verbal Reasoning,-3.184214646794025
147,-1.1403779533015204,5,Working Memory,1.929238174847712
147,-1.1403779533015204,6,Verbal Reasoning,-2.739937819874102
147,-1.1403779533015204,7,Verbal Reasoning,-1.5115477371446175
147,-1.1403779533015204,8,Perceptual Reasoning,-7.499229081409547
147,-1.1403779533015204,9,Working Memory,4.35147418869116
147,-1.1403779533015204,10,Perceptual Reasoning,-8.706518267225706
147,-1.1403779533015204,11,Perceptual Reasoning,-3.0215585259391022
147,-1.1403779533015204,12,Processing Speed,4.863664214941454
148,-0.9714858223435706,1,Perceptual Reasoning,-1.5543913034338188
148,-0.9714858223435706,2,Verbal Reasoning,2.6889082087887886
148,-0.9714858223435706,3,Processing Speed,0.8058375858791358
148,-0.9714858223435706,4,Perceptual Reasoning,0.055283178055839155
148,-0.9714858223435706,5,Verbal Reasoning,4.882969285350089
148,-0.9714858223435706,6,Verbal Reasoning,-0.8475859121825948
148,-0.9714858223435706,7,Perceptual Reasoning,-6.481677819623691
148,-0.9714858223435706,8,Working Memory,7.452668542932612
148,-0.9714858223435706,9,Processing Speed,7.794977593042335
148,-0.9714858223435706,10,Processing Speed,8.726439877764209
148,-0.9714858223435706,11,Working Memory,6.355540482748016
148,-0.9714858223435706,12,Working Memory,6.981297534110762
149,-1.0696518150255088,1,Verbal Reasoning,-2.8452882877887418
149,-1.0696518150255088,2,Perceptual Reasoning,-5.5918525737300655
149,-1.0696518150255088,3,Processing Speed,-3.320596651067447
149,-1.0696518150255088,4,Working Memory,6.604574967989031
149,-1.0696518150255088,5,Perceptual Reasoning,-3.9961476544531864
149,-1.0696518150255088,6,Processing Speed,-3.7005558833978314
149,-1.0696518150255088,7,Perceptual Reasoning,-9.522206253529797
149,-1.0696518150255088,8,Verbal Reasoning,-3.361134398215756
149,-1.0696518150255088,9,Working Memory,8.331489633266237
149,-1.0696518150255088,10,Verbal Reasoning,0.2718944253353923
149,-1.0696518150255088,11,Processing Speed,-1.2108808278687535
149,-1.0696518150255088,12,Working Memory,6.2530113319020275
150,-1.902177022034906,1,Processing Speed,-2.5821002323184628
150,-1.902177022034906,2,Working Memory,3.0395246042025166
150,-1.902177022034906,3,Perceptual Reasoning,-0.36746946375362
150,-1.902177022034906,4,Working Memory,1.0630482324115302
150,-1.902177022034906,5,Verbal Reasoning,-2.519993280662267
150,-1.902177022034906,6,Perceptual Reasoning,1.1734087511525653
150,-1.902177022034906,7,Processing Speed,1.582220782207287
150,-1.902177022034906,8,Verbal Reasoning,6.666914254244917
150,-1.902177022034906,9,Processing Speed,-3.3239069750021133
150,-1.902177022034906,10,Verbal Reasoning,-0.20715950163756158
150,-1.902177022034906,11,Perceptual Reasoning,-6.126258950747154
150,-1.902177022034906,12,Working Memory,0.7634985814858051
